Date,Close,buy_signal,sell_signal,SMA,STD,Upper,Lower
21,120.035,nan,nan,120.04794999999999,0.009478792117142866,120.06690758423427,120.0289924157657
22,120.03,nan,nan,120.04795000000001,0.009478792117142868,120.0669075842343,120.02899241576573
23,120.03,nan,nan,120.04745000000003,0.010126573951737846,120.0677031479035,120.02719685209655
24,120.02,120.02,nan,120.04645000000002,0.011681074436884455,120.0698121488738,120.02308785112625
25,120.02,nan,nan,120.04545000000003,0.012974879575551115,120.07139975915113,120.01950024084893
26,120.03,nan,nan,120.04400000000003,0.013000000000002333,120.07000000000004,120.01800000000001
27,120.035,nan,nan,120.04275000000003,0.012597122687346668,120.06794424537472,120.01755575462533
28,120.035,nan,nan,120.0415,0.012051970793196696,120.06560394158639,120.01739605841361
29,120.03,nan,nan,120.04,0.01151086443322414,120.06302172886646,120.01697827113355
30,120.03,nan,nan,120.03900000000003,0.011467344941182732,120.06193468988239,120.01606531011767
31,120.03,nan,nan,120.03775000000003,0.011008519428154732,120.05976703885634,120.01573296114373
32,120.03,nan,nan,120.03650000000002,0.010380269746015748,120.05726053949205,120.01573946050799
33,120.03,nan,nan,120.03525000000002,0.009549214627394135,120.0543484292548,120.01615157074524
34,120.03,nan,nan,120.03450000000002,0.009340770846136664,120.0531815416923,120.01581845830775
35,120.03,nan,nan,120.03400000000002,0.009300537618870916,120.05260107523776,120.01539892476228
36,120.03,nan,nan,120.03300000000002,0.008573214099743355,120.0501464281995,120.01585357180053
37,120.03,nan,nan,120.03175000000002,0.006941721688459106,120.04563344337693,120.0178665566231
38,120.03,nan,nan,120.0305,0.004444097208658628,120.03938819441733,120.02161180558268
39,120.03,nan,nan,120.03025,0.004322904116448685,120.0388958082329,120.0216041917671
40,120.03,nan,nan,120.02975,0.0036996621467375646,120.03714932429348,120.02235067570653
41,120.03,nan,nan,120.02950000000001,0.0035000000000006744,120.03650000000002,120.02250000000001
42,120.03,nan,nan,120.02950000000001,0.0035000000000006744,120.03650000000002,120.02250000000001
43,120.035,nan,nan,120.02974999999999,0.0036996621467375638,120.03714932429347,120.02235067570652
44,120.02,nan,nan,120.02974999999999,0.003699662146737566,120.03714932429347,120.02235067570652
45,120.02,nan,nan,120.02974999999999,0.003699662146737566,120.03714932429347,120.02235067570652
46,120.02,nan,nan,120.02925,0.004264680527308739,120.03777936105462,120.02072063894539
47,120.03,nan,nan,120.029,0.004062019202319009,120.03712403840463,120.02087596159537
48,120.025,nan,nan,120.02850000000001,0.0039051248379544153,120.03631024967592,120.0206897503241
49,120.025,nan,nan,120.02825,0.003960744879439553,120.03617148975889,120.02032851024111
50,120.025,nan,nan,120.02799999999999,0.0040000000000006255,120.03599999999999,120.02
51,120.025,nan,nan,120.02775000000001,0.004023369234858218,120.03579673846973,120.0197032615303
52,120.02,nan,nan,120.02725000000001,0.004322904116448481,120.03589580823291,120.01860419176711
53,120.02,nan,nan,120.02675000000002,0.004548351349666199,120.03584670269936,120.01765329730068
54,120.02,nan,nan,120.02625,0.004710360920355566,120.03567072184072,120.01682927815929
55,120.02,nan,nan,120.02575000000002,0.004815340071066114,120.03538068014215,120.01611931985788
56,120.02,nan,nan,120.02525,0.004866980583484651,120.03498396116697,120.01551603883303
57,120.02,nan,nan,120.02475000000001,0.00486698058348476,120.03448396116698,120.01501603883304
58,120.02,nan,nan,120.02425000000001,0.004815340071066448,120.03388068014215,120.01461931985787
59,120.02,nan,nan,120.02375000000002,0.004710360920356131,120.03317072184073,120.01432927815931
60,120.07,nan,120.07,120.02575000000002,0.011098986440211176,120.04794797288044,120.0035520271196
61,120.065,nan,nan,120.0275,0.01400892572612146,120.05551785145225,119.99948214854776
62,120.065,nan,nan,120.02925,0.016223054582907157,120.06169610916582,119.99680389083419
63,120.06,nan,nan,120.03049999999999,0.017528548142958032,120.0655570962859,119.99544290371408
64,120.06,nan,nan,120.03249999999998,0.01847295320191129,120.06944590640381,119.99555409359616
65,120.07,nan,nan,120.03500000000001,0.019937402037376397,120.07487480407477,119.99512519592525
66,120.065,nan,nan,120.03725000000001,0.020644309143199074,120.07853861828642,119.99596138171361
67,120.065,nan,nan,120.03900000000002,0.021424285285627905,120.08184857057127,119.99615142942876
68,120.065,nan,nan,120.04099999999998,0.021886068628238862,120.08477213725646,119.9972278627435
69,120.065,nan,nan,120.043,0.0221585198061602,120.08731703961233,119.99868296038768
70,120.075,nan,nan,120.04549999999999,0.022798026230356528,120.0910960524607,119.99990394753928
71,120.075,nan,nan,120.04799999999997,0.023151673805581672,120.09430334761113,120.00169665238882
72,120.075,nan,nan,120.05075,0.022927876046421408,120.09660575209284,120.00489424790715
73,120.075,nan,nan,120.05349999999999,0.02236626924634659,120.09823253849268,120.00876746150729
74,120.075,nan,nan,120.05625,0.021440324157998864,120.099130648316,120.013369351684
75,120.075,nan,nan,120.059,0.02009975124224344,120.09919950248448,120.01880049751551
76,120.07,nan,nan,120.0615,0.018103866990233045,120.09770773398046,120.02529226601953
77,120.07,nan,nan,120.06400000000004,0.015459624833741418,120.09491924966751,120.03308075033256
78,120.075,nan,nan,120.06675000000003,0.011861176164277532,120.09047235232859,120.04302764767147
79,120.075,nan,nan,120.06949999999999,0.005220153254456517,120.0799403065089,120.05905969349108
80,120.07,nan,nan,120.06950000000002,0.005220153254456517,120.07994030650893,120.05905969349111
81,120.07,nan,nan,120.06975000000003,0.005117372372615858,120.07998474474526,120.0595152552548
82,120.065,nan,nan,120.06975000000003,0.005117372372615857,120.07998474474526,120.0595152552548
83,120.065,nan,nan,120.07000000000002,0.004743416490254246,120.07948683298054,120.06051316701951
84,120.055,120.055,nan,120.06975,0.005356071321407837,120.08046214264282,120.05903785735718
85,120.06,nan,nan,120.06924999999998,0.005760859310901889,120.08077171862179,120.05772828137817
86,120.06,nan,nan,120.069,0.006041522986797437,120.0810830459736,120.0569169540264
87,120.07,nan,nan,120.06925000000001,0.005973901572674299,120.08119780314536,120.05730219685466
88,120.08,nan,nan,120.07000000000001,0.0063245553203366235,120.08264911064069,120.05735088935933
89,120.08,nan,nan,120.07075,0.0065717197140471575,120.0838934394281,120.05760656057191
90,120.08,nan,nan,120.07099999999998,0.006819090848492458,120.08463818169697,120.057361818303
91,120.085,nan,nan,120.07149999999999,0.0074330343736582274,120.0863660687473,120.05663393125268
92,120.075,nan,nan,120.07149999999999,0.0074330343736582274,120.0863660687473,120.05663393125268
93,120.07,nan,nan,120.07124999999999,0.0073950997288734395,120.08604019945774,120.05645980054224
94,120.06,nan,nan,120.0705,0.007729812416868731,120.08595962483373,120.05504037516626
95,120.06,nan,nan,120.06974999999997,0.007980444849754423,120.08571088969948,120.05378911030046
96,120.06,nan,nan,120.06924999999998,0.008257572282454977,120.08576514456489,120.05273485543508
97,120.07,nan,nan,120.06924999999998,0.008257572282454977,120.08576514456489,120.05273485543508
98,120.07,nan,nan,120.069,0.008154753215147944,120.08530950643029,120.05269049356971
99,120.065,nan,nan,120.0685,0.008077747210699466,120.0846554944214,120.0523445055786
100,120.06,nan,nan,120.06799999999998,0.008276472678621048,120.08455294535723,120.05144705464274
101,120.07,nan,nan,120.06799999999998,0.008276472678621048,120.08455294535723,120.05144705464274
102,120.06,nan,nan,120.06775,0.008437268515340587,120.08462453703069,120.05087546296932
103,120.07,nan,nan,120.06800000000001,0.008426149773173753,120.08485229954636,120.05114770045367
104,120.08,nan,nan,120.06924999999998,0.008257572282454911,120.08576514456489,120.05273485543508
105,120.065,nan,nan,120.06949999999999,0.008046738469713786,120.08559347693942,120.05340652306056
106,120.06,nan,nan,120.06949999999998,0.008046738469713785,120.08559347693941,120.05340652306054
107,120.06,nan,nan,120.06899999999996,0.008306623862916168,120.08561324772579,120.05238675227413
108,120.065,nan,nan,120.06824999999999,0.007949056547790346,120.08414811309557,120.05235188690442
109,120.07,nan,nan,120.06775,0.007495832175280302,120.08274166435056,120.05275833564944
110,120.07,nan,nan,120.06724999999999,0.00697764286847398,120.08120528573693,120.05329471426305
111,120.075,nan,nan,120.06674999999998,0.0059739015726723655,120.07869780314533,120.05480219685464
112,120.075,nan,nan,120.06674999999996,0.0059739015726723655,120.0786978031453,120.05480219685461
113,120.07,nan,nan,120.06674999999998,0.0059739015726723655,120.07869780314533,120.05480219685464
114,120.07,nan,nan,120.06724999999999,0.005804093383120129,120.07885818676623,120.05564181323375
115,120.065,nan,nan,120.0675,0.005590169943747885,120.0786803398875,120.0563196601125
116,120.07,nan,nan,120.06800000000001,0.005338539126014261,120.07867707825204,120.05732292174798
117,120.06,nan,nan,120.0675,0.005590169943747884,120.0786803398875,120.0563196601125
118,120.06,nan,nan,120.06699999999998,0.005787918451393409,120.07857583690277,120.05542416309719
119,120.05,nan,nan,120.06625,0.006869315832015709,120.07998863166402,120.05251136833597
120,120.05,nan,nan,120.06575000000001,0.007628073151195226,120.0810061463024,120.05049385369762
121,120.03,nan,nan,120.06375,0.010825317547304416,120.0854006350946,120.0420993649054
122,120.03,nan,nan,120.06225000000002,0.013083864108128309,120.08841772821627,120.03608227178377
123,120.04,nan,nan,120.06074999999998,0.013808964479639878,120.08836792895926,120.03313207104071
124,120.04,nan,nan,120.05874999999999,0.013772708520837241,120.08629541704167,120.03120458295831
125,120.04,nan,nan,120.05749999999998,0.014274102423617794,120.08604820484722,120.02895179515274
126,120.04,nan,nan,120.05649999999999,0.014756354563370974,120.08601270912673,120.02698729087324
127,120.03,nan,nan,120.05499999999999,0.0158113883008392,120.08662277660167,120.02337722339831
128,120.045,nan,nan,120.054,0.01577973383805681,120.08555946767612,120.02244053232388
129,120.05,nan,nan,120.053,0.015362291495734853,120.08372458299147,120.02227541700853
130,120.05,nan,nan,120.05199999999999,0.014866068747316507,120.08173213749463,120.02226786250536
131,120.06,nan,nan,120.05124999999998,0.014042346669981347,120.07933469333994,120.02316530666002
132,120.07,nan,nan,120.051,0.013656500283744608,120.07831300056749,120.02368699943251
133,120.07,nan,nan,120.051,0.013656500283744608,120.07831300056749,120.02368699943251
134,120.075,nan,nan,120.05124999999998,0.014042346669981345,120.07933469333994,120.02316530666002
135,120.075,nan,nan,120.05174999999997,0.014686303142722663,120.08112260628542,120.02237739371452
136,120.075,nan,nan,120.05199999999995,0.015033296378371716,120.08206659275669,120.02193340724321
137,120.08,nan,nan,120.05299999999997,0.016155494421402145,120.08531098884278,120.02068901115716
138,120.09,nan,nan,120.05449999999999,0.018020821290939106,120.09054164258187,120.01845835741811
139,120.085,nan,nan,120.05625,0.019162137145943337,120.09457427429189,120.01792572570812
140,120.08,nan,nan,120.05774999999998,0.019778460506316792,120.09730692101262,120.01819307898735
141,120.075,nan,nan,120.05999999999997,0.019039432764658127,120.09807886552929,120.02192113447066
142,120.075,nan,nan,120.06224999999998,0.01799131735032043,120.09823263470062,120.02626736529933
143,120.075,nan,nan,120.06399999999996,0.017435595774161424,120.09887119154828,120.02912880845165
144,120.075,nan,nan,120.06574999999998,0.016678953804120083,120.09910790760821,120.03239209239175
145,120.07,nan,nan,120.06724999999999,0.015610493265748688,120.09847098653148,120.0360290134685
146,120.065,nan,nan,120.06850000000001,0.014326548781894538,120.0971530975638,120.03984690243622
147,120.07,nan,nan,120.07050000000001,0.011280514172678956,120.09306102834537,120.04793897165465
148,120.06,nan,nan,120.07125,0.009984362773858635,120.09121872554772,120.0512812744523
149,120.05,nan,nan,120.07125000000003,0.009984362773858634,120.09121872554775,120.05128127445232
150,120.05,nan,nan,120.07125000000003,0.009984362773858632,120.09121872554775,120.05128127445232
151,120.05,nan,nan,120.07075000000002,0.010755812382150478,120.09226162476432,120.04923837523572
152,120.05,nan,nan,120.06975000000003,0.011669940016984882,120.093089880034,120.04641011996605
153,120.055,nan,nan,120.069,0.012103718436910821,120.09320743687383,120.04479256312618
154,120.06,nan,nan,120.06824999999999,0.012173228823940292,120.09259645764787,120.04390354235211
155,120.06,nan,nan,120.06749999999997,0.012196310917650735,120.09189262183527,120.04310737816466
156,120.06,nan,nan,120.06675,0.012173228823939942,120.09109645764788,120.04240354235212
157,120.07,nan,nan,120.06625,0.011818946653572885,120.08988789330714,120.04261210669286
158,120.07,nan,nan,120.06525000000002,0.010544548354481044,120.08633909670898,120.04416090329106
159,120.06,nan,nan,120.064,0.009565563234854411,120.0831311264697,120.04486887353029
160,120.06,nan,nan,120.06299999999996,0.008860022573334637,120.08072004514663,120.04527995485329
161,120.06,nan,nan,120.06224999999998,0.008437268515342775,120.07912453703067,120.04537546296929
162,120.06,nan,nan,120.06149999999998,0.00792148975887677,120.07734297951774,120.04565702048222
163,120.06,nan,nan,120.06074999999996,0.007292976072906355,120.07533595214576,120.04616404785415
164,120.06,nan,nan,120.05999999999997,0.006519202405201079,120.07303840481038,120.04696159518957
165,120.06,nan,nan,120.05949999999996,0.006103277807865725,120.07170655561569,120.04729344438422
166,120.06,nan,nan,120.05924999999998,0.005973901572673228,120.07119780314532,120.04730219685463
167,120.08,nan,120.08,120.05974999999997,0.007154544010626471,120.07405908802122,120.04544091197872
168,120.07,nan,nan,120.06024999999997,0.007495832175281416,120.07524166435053,120.04525833564941
169,120.065,nan,nan,120.06099999999999,0.007176350047202284,120.0753527000944,120.04664729990559
170,120.065,nan,nan,120.06174999999999,0.006759252917296129,120.07526850583459,120.04823149416539
171,120.06,nan,nan,120.06224999999998,0.006219927652310135,120.0746898553046,120.04981014469536
172,120.065,nan,nan,120.06299999999996,0.005567764362827128,120.07413552872562,120.0518644712743
173,120.06,nan,nan,120.06324999999997,0.0053091901453962385,120.07386838029076,120.05263161970917
174,120.065,nan,nan,120.06349999999998,0.005267826876423804,120.07403565375283,120.05296434624712
175,120.065,nan,nan,120.06374999999998,0.005214163403651024,120.07417832680729,120.05332167319268
176,120.06,nan,nan,120.06374999999998,0.005214163403651024,120.07417832680729,120.05332167319268
177,120.06,nan,nan,120.06324999999997,0.005068283733176061,120.07338656746632,120.05311343253362
178,120.06,nan,nan,120.06274999999998,0.004866980583481038,120.07248396116694,120.05301603883302
179,120.06,nan,nan,120.06275000000001,0.004866980583481039,120.07248396116697,120.05301603883305
180,120.06,nan,nan,120.06275000000001,0.004866980583481039,120.07248396116697,120.05301603883305
181,120.065,nan,nan,120.06300000000002,0.004847679857414412,120.07269535971484,120.05330464028519
182,120.06,nan,nan,120.06300000000002,0.004847679857414412,120.07269535971484,120.05330464028519
183,120.05,120.05,nan,120.0625,0.005590169943748204,120.0736803398875,120.0513196601125
184,120.05,nan,nan,120.06200000000001,0.006204836822994595,120.074409673646,120.04959032635402
185,120.06,nan,nan,120.06199999999998,0.006204836822994595,120.07440967364597,120.049590326354
186,120.05,nan,nan,120.0615,0.006726812023536335,120.07495362404707,120.04804637595292
187,120.05,nan,nan,120.06000000000002,0.005700877125495491,120.07140175425101,120.04859824574902
188,120.06,nan,nan,120.0595,0.0052201532544557,120.06994030650891,120.04905969349109
189,120.06,nan,nan,120.05924999999998,0.005068283733178901,120.06938656746634,120.04911343253362
190,120.06,nan,nan,120.05899999999997,0.004898979485567122,120.0687979589711,120.04920204102883
191,120.065,nan,nan,120.05924999999998,0.005068283733178901,120.06938656746634,120.04911343253362
192,120.07,nan,nan,120.05949999999999,0.005454356057317847,120.07040871211463,120.04859128788534
193,120.075,nan,120.075,120.06024999999997,0.006417748826497053,120.07308549765297,120.04741450234697
194,120.08,nan,nan,120.06099999999996,0.007681145747868745,120.0763622914957,120.04563770850423
195,120.075,nan,nan,120.06149999999995,0.008231038816577578,120.0779620776331,120.0450379223668
196,120.075,nan,nan,120.06224999999998,0.008728545125048654,120.07970709025007,120.04479290974989
197,120.075,nan,nan,120.06299999999996,0.00913783344124932,120.08127566688246,120.04472433311746
198,120.075,nan,nan,120.06374999999996,0.009470348462438858,120.08269069692483,120.04480930307508
199,120.08,nan,nan,120.06474999999998,0.010059199769366148,120.0848683995387,120.04463160046124
200,120.075,nan,nan,120.06549999999997,0.010234744745230326,120.08596948949044,120.0450305105095
201,120.08,nan,nan,120.06625,0.010709224995302741,120.0876684499906,120.04483155000939
202,120.06,nan,nan,120.06625,0.010709224995302741,120.0876684499906,120.04483155000939
203,120.05,nan,nan,120.06625000000001,0.010709224995302741,120.08766844999062,120.0448315500094
204,120.06,nan,nan,120.06675,0.01015812482695554,120.08706624965392,120.04643375034608
205,120.065,nan,nan,120.06700000000001,0.010049875621121508,120.08709975124225,120.04690024875777
206,120.07,nan,nan,120.06800000000001,0.009273618495496003,120.08654723699101,120.04945276300901
207,120.07,nan,nan,120.069,0.008306623862918047,120.08561324772585,120.05238675227416
208,120.065,nan,nan,120.06925000000001,0.008104782538723833,120.08545956507746,120.05304043492256
209,120.065,nan,nan,120.06949999999999,0.007889866919030139,120.08527973383805,120.05372026616193
210,120.065,nan,nan,120.06975,0.0076607767230229195,120.08507155344604,120.05442844655396
211,120.06,nan,nan,120.06949999999999,0.00788986691903014,120.08527973383805,120.05372026616193
212,120.06,nan,nan,120.06899999999999,0.008154753215150294,120.08530950643029,120.05269049356968
213,120.06,nan,nan,120.06825,0.008257572282456868,120.08476514456493,120.05173485543509
214,120.06,nan,nan,120.06724999999999,0.00798044484975618,120.0832108896995,120.05128911030047
215,120.06,nan,nan,120.06649999999999,0.007921489758877177,120.08234297951775,120.05065702048223
216,120.06,nan,nan,120.06574999999998,0.007790218225440926,120.08133043645086,120.0501695635491
217,120.06,nan,nan,120.06499999999998,0.007582875444050747,120.08016575088809,120.04983424911188
218,120.06,nan,nan,120.06424999999999,0.007292976072906285,120.0788359521458,120.04966404785418
219,120.05,nan,nan,120.06275000000001,0.0069776428684756855,120.07670528573696,120.04879471426305
220,120.05,nan,nan,120.0615,0.006910137480541791,120.07532027496107,120.04767972503892
221,120.06,nan,nan,120.0605,0.005454356057316999,120.07140871211463,120.04959128788538
222,120.06,nan,nan,120.06049999999998,0.005454356057317001,120.0714087121146,120.04959128788535
223,120.07,nan,nan,120.06149999999998,0.005267826876424681,120.07203565375283,120.05096434624713
224,120.07,nan,nan,120.06199999999998,0.0055677643628280205,120.07313552872564,120.05086447127432
225,120.06,nan,nan,120.06174999999999,0.005539629951538059,120.07282925990306,120.05067074009692
226,120.06,nan,nan,120.06124999999997,0.005214163403651877,120.07167832680727,120.05082167319267
227,120.07,nan,nan,120.06124999999997,0.005214163403651877,120.07167832680727,120.05082167319267
228,120.06,nan,nan,120.06099999999996,0.005147815070491855,120.07129563014095,120.05070436985898
229,120.065,nan,nan,120.06099999999996,0.005147815070491855,120.07129563014095,120.05070436985898
230,120.065,nan,nan,120.06099999999996,0.005147815070491855,120.07129563014095,120.05070436985898
231,120.065,nan,nan,120.06124999999997,0.005214163403651876,120.07167832680727,120.05082167319267
232,120.065,nan,nan,120.06149999999998,0.005267826876424681,120.07203565375283,120.05096434624713
233,120.06,nan,nan,120.06149999999998,0.005267826876424681,120.07203565375283,120.05096434624713
234,120.065,nan,nan,120.06174999999999,0.0053091901453971415,120.07236838029078,120.0511316197092
235,120.065,nan,nan,120.06199999999998,0.005338539126013996,120.07267707825201,120.05132292174795
236,120.065,nan,nan,120.06224999999999,0.005356071321405516,120.07296214264281,120.05153785735718
237,120.06,nan,nan,120.06224999999999,0.0053560713214055155,120.07296214264281,120.05153785735718
238,120.06,nan,nan,120.06224999999999,0.0053560713214055155,120.07296214264281,120.05153785735718
239,120.06,nan,nan,120.06275000000001,0.004602988159878275,120.07195597631977,120.05354402368025
240,120.065,nan,nan,120.0635,0.0035707142142681774,120.07064142842854,120.05635857157147
241,120.065,nan,nan,120.06375,0.003491060010939059,120.07073212002187,120.05676787997812
242,120.065,nan,nan,120.06400000000001,0.0033911649915595496,120.07078232998313,120.05721767001688
243,120.065,nan,nan,120.06375,0.003112474899494351,120.06997494979899,120.05752505020101
244,120.065,nan,nan,120.06350000000002,0.002783882181412479,120.06906776436284,120.0579322356372
245,120.065,nan,nan,120.06375,0.002680951323688463,120.06911190264738,120.05838809735262
246,120.065,nan,nan,120.06400000000001,0.002549509756794074,120.0690990195136,120.05890098048641
247,120.07,nan,nan,120.06400000000001,0.0025495097567940737,120.0690990195136,120.05890098048641
248,120.065,nan,nan,120.06425000000002,0.0023848480035401957,120.06901969600709,120.05948030399294
249,120.07,nan,nan,120.06450000000002,0.0026925824035648038,120.06988516480715,120.0591148351929
250,120.075,nan,nan,120.06500000000001,0.0035355339059315316,120.07207106781188,120.05792893218815
251,120.08,nan,nan,120.06575000000001,0.004815340071063644,120.07538068014213,120.05611931985788
252,120.075,nan,nan,120.06625,0.0052141634036530675,120.0766783268073,120.0558216731927
253,120.08,nan,nan,120.06725000000002,0.0058040933831216895,120.07885818676625,120.05564181323378
254,120.075,nan,nan,120.06775,0.0060156047077579745,120.07978120941551,120.05571879058449
255,120.075,nan,nan,120.06824999999999,0.006179603547154324,120.0806092070943,120.05589079290569
256,120.075,nan,nan,120.06874999999998,0.0062998015841774085,120.08134960316833,120.05615039683163
257,120.075,nan,nan,120.06949999999999,0.006103277807867588,120.08170655561572,120.05729344438426
258,120.075,nan,nan,120.07024999999999,0.005804093383123129,120.08185818676624,120.05864181323373
259,120.09,nan,nan,120.07175,0.006759252917299703,120.08526850583459,120.0582314941654
260,120.115,nan,nan,120.07425,0.011431863365173876,120.09711372673036,120.05138627326966
261,120.115,nan,nan,120.07674999999999,0.014254385290147942,120.10525877058029,120.04824122941969
262,120.115,nan,nan,120.07924999999997,0.016223054582906665,120.11169610916579,120.04680389083416
263,120.11,nan,nan,120.08149999999998,0.017182840277438657,120.11586568055485,120.0471343194451
264,120.115,nan,nan,120.08400000000002,0.018207141456031823,120.12041428291208,120.04758571708796
265,120.115,nan,nan,120.0865,0.018848076824969133,120.12419615364993,120.04880384635007
266,120.12,nan,nan,120.08924999999999,0.019511214723844178,120.12827242944768,120.05022757055231
267,120.11,nan,nan,120.09124999999999,0.019485571585148374,120.13022114317029,120.05227885682969
268,120.12,nan,nan,120.09400000000001,0.019467922333930507,120.13293584466787,120.05506415533215
269,120.12,nan,nan,120.09649999999999,0.019435791725575365,120.13537158345115,120.05762841654884
270,120.12,nan,nan,120.09875,0.01942131560940089,120.1375926312188,120.0599073687812
271,120.14,nan,nan,120.10175,0.020873128658635595,120.14349625731727,120.06000374268272
272,120.14,nan,nan,120.10499999999998,0.02150581316760567,120.14801162633519,120.06198837366476
273,120.13,nan,nan,120.10749999999999,0.02136000936329253,120.15022001872657,120.0647799812734
274,120.13,nan,nan,120.11025000000002,0.02052285311548918,120.151295706231,120.06920429376905
275,120.135,nan,nan,120.11325000000002,0.019511214723844504,120.1522724294477,120.07422757055234
276,120.13,nan,nan,120.11600000000003,0.017720045146668546,120.15144009029336,120.0805599097067
277,120.13,nan,nan,120.11875000000002,0.01523769995767015,120.14922539991537,120.08827460008467
278,120.13,nan,nan,120.12150000000001,0.011629703349612755,120.14475940669924,120.09824059330079
279,120.14,nan,nan,120.124,0.009823441352194866,120.14364688270439,120.1043531172956
280,120.14,nan,nan,120.12525000000001,0.010182705927208676,120.14561541185442,120.1048845881456
281,120.14,nan,nan,120.12650000000001,0.010380269746013727,120.14726053949204,120.10573946050798
282,120.145,nan,nan,120.12800000000001,0.010770329614268843,120.14954065922855,120.10645934077148
283,120.15,nan,nan,120.13000000000002,0.010954451150103735,120.15190890230024,120.10809109769981
284,120.15,nan,nan,120.13175000000004,0.011211043662389862,120.15417208732482,120.10932791267525
285,120.15,nan,nan,120.13350000000003,0.011191514642800184,120.15588302928563,120.11111697071442
286,120.15,nan,nan,120.13500000000003,0.01129158979063727,120.15758317958131,120.11241682041876
287,120.15,nan,nan,120.13700000000003,0.010173494974689196,120.1573469899494,120.11665301005065
288,120.15,nan,nan,120.13850000000002,0.009759610647973503,120.15801922129597,120.11898077870407
289,120.14,nan,nan,120.13950000000003,0.00878919791562599,120.15707839583128,120.12192160416878
290,120.145,nan,nan,120.14075000000003,0.007628073151199417,120.15600614630243,120.12549385369762
291,120.145,nan,nan,120.14100000000003,0.007681145747871705,120.15636229149578,120.12563770850429
292,120.14,nan,nan,120.14100000000003,0.007681145747871705,120.15636229149578,120.12563770850429
293,120.145,nan,nan,120.14175000000003,0.007292976072910182,120.15633595214585,120.12716404785421
294,120.145,nan,nan,120.14250000000001,0.006800735254370155,120.15610147050876,120.12889852949127
295,120.145,nan,nan,120.14300000000003,0.006595452979139188,120.15619090595831,120.12980909404175
296,120.145,nan,nan,120.14375000000003,0.005889609494697358,120.15552921898941,120.13197078101064
297,120.14,nan,nan,120.14425000000001,0.005068283733180547,120.15438656746637,120.13411343253365
298,120.14,nan,nan,120.14475,0.004023369234859673,120.15279673846972,120.13670326153029
299,120.145,nan,nan,120.14500000000001,0.003872983346209398,120.15274596669244,120.13725403330758
300,120.145,nan,nan,120.14525,0.003699662146739294,120.15264932429348,120.13785067570653
301,120.145,nan,nan,120.14550000000001,0.003500000000002298,120.15250000000002,120.13850000000001
302,120.14,nan,nan,120.14525,0.0036996621467392937,120.15264932429348,120.13785067570653
303,120.13,120.13,nan,120.14425000000001,0.004815340071066522,120.15388068014215,120.13461931985788
304,120.135,nan,nan,120.14350000000002,0.00502493781056146,120.15354987562114,120.1334501243789
305,120.135,nan,nan,120.14275000000002,0.005117372372614817,120.15298474474525,120.13251525525479
306,120.13,nan,nan,120.14175000000004,0.005539629951540177,120.15282925990313,120.13067074009696
307,120.14,nan,nan,120.14125000000001,0.005214163403653068,120.15167832680731,120.13082167319271
308,120.145,nan,nan,120.141,0.004898979485565091,120.15079795897114,120.13120204102887
309,120.145,nan,nan,120.14124999999999,0.004968651728586646,120.15118730345716,120.1313126965428
310,120.145,nan,nan,120.14125000000001,0.004968651728586647,120.15118730345719,120.13131269654284
311,120.145,nan,nan,120.14125000000001,0.004968651728586646,120.15118730345719,120.13131269654284
312,120.14,nan,nan,120.14125000000001,0.004968651728586646,120.15118730345719,120.13131269654284
313,120.14,nan,nan,120.141,0.004898979485565092,120.15079795897114,120.13120204102887
314,120.14,nan,nan,120.14075,0.004815340071063348,120.15038068014212,120.13111931985787
315,120.14,nan,nan,120.1405,0.004716990566027175,120.14993398113205,120.13106601886795
316,120.14,nan,nan,120.14025000000001,0.004602988159879469,120.14945597631977,120.13104402368025
317,120.14,nan,nan,120.14025,0.00460298815987947,120.14945597631976,120.13104402368023
318,120.14,nan,nan,120.14025,0.00460298815987947,120.14945597631976,120.13104402368023
319,120.145,nan,nan,120.14025000000001,0.004602988159879469,120.14945597631977,120.13104402368025
320,120.14,nan,nan,120.14000000000001,0.004472135954998689,120.14894427191001,120.13105572809002
321,120.14,nan,nan,120.13975000000002,0.004322904116446918,120.14839580823292,120.13110419176712
322,120.14,nan,nan,120.13975000000002,0.004322904116446918,120.14839580823292,120.13110419176712
323,120.13,nan,nan,120.13975000000002,0.004322904116446918,120.14839580823292,120.13110419176712
324,120.14,nan,nan,120.14000000000003,0.00418330013266997,120.14836660026536,120.1316333997347
325,120.14,nan,nan,120.14025000000001,0.004023369234857732,120.14829673846972,120.1322032615303
326,120.135,nan,nan,120.14050000000002,0.003499999999998948,120.14750000000001,120.13350000000003
327,120.155,nan,120.155,120.14125000000006,0.004710360920353681,120.15067072184077,120.13182927815934
328,120.16,nan,nan,120.14200000000005,0.00620483682299471,120.15440967364604,120.12959032635406
329,120.155,nan,nan,120.14250000000001,0.006800735254367283,120.15610147050874,120.12889852949128
330,120.15,nan,nan,120.14275000000002,0.006977642868476373,120.15670528573698,120.12879471426307
331,120.15,nan,nan,120.14300000000003,0.00714142842854312,120.15728285685711,120.12871714314295
332,120.15,nan,nan,120.14350000000005,0.007262919523167462,120.15802583904637,120.12897416095372
333,120.15,nan,nan,120.14400000000003,0.0073484692283502,120.15869693845673,120.12930306154334
334,120.145,nan,nan,120.14425000000003,0.007292976072908037,120.15883595214585,120.1296640478542
335,120.145,nan,nan,120.14450000000002,0.007228416147401082,120.15895683229482,120.13004316770522
336,120.14,nan,nan,120.14450000000002,0.007228416147401082,120.15895683229482,120.13004316770522
337,120.16,nan,nan,120.14550000000001,0.007889866919029914,120.16127973383807,120.12972026616195
338,120.155,nan,nan,120.14625000000001,0.008042853971072902,120.16233570794215,120.13016429205787
339,120.16,nan,nan,120.14700000000002,0.00857321409974095,120.1641464281995,120.12985357180054
340,120.16,nan,nan,120.148,0.008860022573334236,120.16572004514667,120.13027995485332
341,120.155,nan,nan,120.14875000000002,0.00878564169540238,120.16632128339083,120.13117871660921
342,120.16,nan,nan,120.14975000000001,0.008870597499604466,120.16749119499922,120.13200880500081
343,120.15,nan,nan,120.15075000000002,0.007628073151194784,120.16600614630241,120.13549385369762
344,120.15,nan,nan,120.15125000000003,0.007224091638398416,120.16569818327683,120.13680181672323
345,120.15,nan,nan,120.15175000000002,0.006759252917296155,120.16526850583462,120.13823149416542
346,120.16,nan,nan,120.15300000000002,0.005787918451393409,120.16457583690281,120.14142416309723
347,120.16,nan,nan,120.15325,0.005973901572672365,120.16519780314535,120.14130219685465
348,120.155,nan,nan,120.15300000000002,0.005787918451393409,120.16457583690281,120.14142416309723
349,120.155,nan,nan,120.15300000000005,0.005787918451393409,120.16457583690284,120.14142416309726
350,120.155,nan,nan,120.15325000000004,0.005760859310899887,120.16477171862184,120.14172828137825
351,120.15,nan,nan,120.15325000000004,0.005760859310899887,120.16477171862184,120.14172828137825
352,120.15,nan,nan,120.15325000000003,0.005760859310899887,120.16477171862182,120.14172828137824
353,120.15,nan,nan,120.15325000000003,0.005760859310899887,120.16477171862182,120.14172828137824
354,120.15,nan,nan,120.15350000000004,0.005499999999997842,120.16450000000003,120.14250000000004
355,120.15,nan,nan,120.15375000000002,0.005214163403650683,120.16417832680732,120.14332167319272
356,120.15,nan,nan,120.15425000000002,0.004264680527304118,120.16277936105463,120.1457206389454
357,120.15,nan,nan,120.15375000000002,0.00414578098794048,120.1620415619759,120.14545843802414
358,120.155,nan,nan,120.15375000000003,0.004145780987940479,120.16204156197591,120.14545843802415
359,120.15,nan,nan,120.15325000000003,0.003960744879435113,120.1611714897589,120.14532851024116
360,120.14,120.14,nan,120.15225000000002,0.004602988159878196,120.16145597631979,120.14304402368026
361,120.12,nan,nan,120.15050000000001,0.008351646544243519,120.16720329308849,120.13379670691153
362,120.12,nan,nan,120.14850000000001,0.010380269746012291,120.16926053949204,120.12773946050798
363,120.12,nan,nan,120.14700000000002,0.01208304597359352,120.17116609194721,120.12283390805283
364,120.11,nan,nan,120.14500000000002,0.014491376746189007,120.1739827534924,120.11601724650765
365,120.11,nan,nan,120.14300000000003,0.016309506430300026,120.17561901286062,120.11038098713944
366,120.11,nan,nan,120.14050000000002,0.017313289693181372,120.17512657938639,120.10587342061365
367,120.115,nan,nan,120.13825,0.017555269864062268,120.17336053972812,120.10313946027188
368,120.115,nan,nan,120.13624999999998,0.01780975856097081,120.17186951712192,120.10063048287803
369,120.11,nan,nan,120.13399999999997,0.018138357147219362,120.17027671429442,120.09772328570553
370,120.115,nan,nan,120.13199999999998,0.0179164728671717,120.16783294573432,120.09616705426563
371,120.115,nan,nan,120.13024999999996,0.0177816619020862,120.16581332380413,120.09468667619579
372,120.115,nan,nan,120.12849999999995,0.017471405209659133,120.16344281041927,120.09355718958062
373,120.115,nan,nan,120.12674999999994,0.016976086121367924,120.16070217224268,120.09279782775721
374,120.11,nan,nan,120.12474999999998,0.016467771555377167,120.15768554311073,120.09181445688922
375,120.11,nan,nan,120.12275,0.015690363284515608,120.15413072656902,120.09136927343097
376,120.115,nan,nan,120.12099999999998,0.014456832294803098,120.14991366458959,120.09208633541037
377,120.1,nan,nan,120.11849999999997,0.013518505834597669,120.14553701166916,120.09146298833078
378,120.1,nan,nan,120.11574999999998,0.011211043662391526,120.13817208732476,120.09332791267519
379,120.1,nan,nan,120.11324999999997,0.008554969316135985,120.13035993863224,120.09614006136769
380,120.1,nan,nan,120.11124999999997,0.006495190528385176,120.12424038105674,120.0982596189432
381,120.1,nan,nan,120.11024999999998,0.006609652033202735,120.12346930406639,120.09703069593357
382,120.1,nan,nan,120.10924999999997,0.006571719714048643,120.12239343942807,120.09610656057188
383,120.1,nan,nan,120.10824999999996,0.006378675411087168,120.12100735082213,120.09549264917779
384,120.1,nan,nan,120.10774999999997,0.006609652033201796,120.12096930406638,120.09453069593356
385,120.095,nan,nan,120.10699999999994,0.007141428428543121,120.12128285685702,120.09271714314286
386,120.1,nan,nan,120.10649999999995,0.007262919523167218,120.12102583904628,120.09197416095363
387,120.1,nan,nan,120.10574999999994,0.007119515432949407,120.11998903086584,120.09151096913405
388,120.1,nan,nan,120.10499999999995,0.006892024376045545,120.11878404875203,120.09121595124786
389,120.095,nan,nan,120.10424999999995,0.007119515432949109,120.11848903086585,120.09001096913406
390,120.09,nan,nan,120.10299999999998,0.007314369419163268,120.1176287388383,120.08837126116165
391,120.09,nan,nan,120.10174999999997,0.00729297607290626,120.11633595214577,120.08716404785416
392,120.09,nan,nan,120.10049999999998,0.007053367989831363,120.11460673597965,120.08639326402032
393,120.1,nan,nan,120.09974999999997,0.0062199276523107905,120.11218985530459,120.08731014469535
394,120.1,nan,nan,120.09924999999996,0.005760859310899487,120.11077171862175,120.08772828137816
395,120.11,nan,nan,120.09924999999998,0.005760859310899485,120.11077171862178,120.08772828137819
396,120.13,nan,nan,120.09999999999998,0.008215838362576073,120.11643167672513,120.08356832327483
397,120.13,nan,nan,120.10149999999999,0.01049999999999874,120.12249999999999,120.08049999999999
398,120.13,nan,nan,120.10299999999998,0.012186057606952712,120.12737211521389,120.07862788478607
399,120.14,nan,120.14,120.10499999999998,0.014577379737112667,120.1341547594742,120.07584524052575
400,120.125,nan,nan,120.10624999999997,0.015155444566227255,120.13656088913243,120.07593911086752
401,120.12,nan,nan,120.10724999999998,0.015368392889303506,120.13798678577858,120.07651321422138
402,120.13,nan,nan,120.10875000000001,0.016037066439969216,120.14082413287996,120.07667586712007
403,120.13,nan,nan,120.11025000000002,0.016543503256565065,120.14333700651315,120.0771629934869
404,120.12,nan,nan,120.11125000000001,0.01649810595189584,120.1442462119038,120.07825378809622
405,120.14,nan,nan,120.11350000000002,0.017182840277439233,120.1478656805549,120.07913431944513
406,120.145,nan,nan,120.11575000000002,0.018184815093917638,120.15211963018785,120.07938036981218
407,120.15,nan,nan,120.11825000000003,0.019253246479489894,120.156756492959,120.07974350704106
408,120.15,nan,nan,120.12075000000004,0.019954636052807367,120.16065927210566,120.08084072789443
409,120.15,nan,nan,120.1235,0.020006249023742897,120.1635124980475,120.08348750195252
410,120.145,nan,nan,120.12625,0.018965429075030675,120.16418085815006,120.08831914184994
411,120.145,nan,nan,120.12899999999999,0.017435595774163506,120.16387119154832,120.09412880845166
412,120.145,nan,nan,120.13175000000004,0.015270478054076813,120.1622909561082,120.10120904389188
413,120.14,nan,nan,120.13375,0.013497684986694103,120.1607453699734,120.10675463002661
414,120.14,nan,nan,120.13575,0.01109898644021204,120.15794797288042,120.11355202711958
415,120.14,nan,nan,120.13725,0.009417404100919265,120.15608480820184,120.11841519179815
416,120.145,nan,nan,120.138,0.00940744386111367,120.15681488772223,120.11918511227778
417,120.145,nan,nan,120.13875000000003,0.009337424698491524,120.15742484939702,120.12007515060304
418,120.15,nan,nan,120.13975000000002,0.009417404100918772,120.15858480820185,120.12091519179819
419,120.14,nan,nan,120.13975000000002,0.009417404100918772,120.15858480820185,120.12091519179819
420,120.14,nan,nan,120.1405,0.008789197915623565,120.15807839583125,120.12292160416875
421,120.15,nan,nan,120.14200000000001,0.0076485292703902105,120.15729705854079,120.12670294145923
422,120.14,nan,nan,120.14250000000001,0.007158910531638861,120.15681782106329,120.12818217893674
423,120.14,nan,nan,120.143,0.006595452979136708,120.15619090595827,120.12980909404173
424,120.12,120.12,nan,120.143,0.00659545297913671,120.15619090595827,120.12980909404173
425,120.12,nan,nan,120.14200000000001,0.008276472678623107,120.15855294535726,120.12544705464276
426,120.125,nan,nan,120.14100000000003,0.009027735042633791,120.1590554700853,120.12294452991476
427,120.11,nan,nan,120.13900000000004,0.011022703842524203,120.16104540768508,120.116954592315
428,120.1,nan,nan,120.13650000000003,0.013610657588816742,120.16372131517765,120.1092786848224
429,120.1,nan,nan,120.13400000000001,0.015378556499230542,120.16475711299847,120.10324288700156
430,120.1,nan,nan,120.13175000000001,0.016828175777547836,120.1654063515551,120.09809364844492
431,120.13,nan,nan,120.13100000000001,0.01655294535724845,120.16410589071451,120.09789410928552
432,120.125,nan,nan,120.13,0.016278820596101487,120.1625576411922,120.0974423588078
433,120.12,nan,nan,120.12899999999998,0.016248076809273544,120.16149615361853,120.09650384638142
434,120.12,nan,nan,120.12799999999996,0.016155494421405004,120.16031098884277,120.09568901115715
435,120.12,nan,nan,120.12699999999995,0.01600000000000139,120.15899999999995,120.09499999999996
436,120.12,nan,nan,120.12574999999995,0.01551410648410183,120.15677821296816,120.09472178703174
437,120.12,nan,nan,120.12449999999994,0.01490805151587753,120.15431610303169,120.09468389696819
438,120.12,nan,nan,120.12299999999996,0.013729530217747624,120.15045906043545,120.09554093956447
439,120.12,nan,nan,120.12199999999996,0.013171939872321216,120.1483438797446,120.09565612025531
440,120.12,nan,nan,120.12099999999995,0.012509996003198662,120.14601999200634,120.09598000799356
441,120.12,nan,nan,120.11949999999995,0.010594810050210143,120.14068962010036,120.09831037989953
442,120.12,nan,nan,120.11849999999995,0.009500000000001908,120.13749999999996,120.09949999999995
443,120.12,nan,nan,120.11749999999995,0.008139410298052267,120.13377882059605,120.10122117940385
444,120.12,nan,nan,120.11749999999995,0.008139410298052267,120.13377882059605,120.10122117940385
445,120.12,nan,nan,120.11749999999995,0.008139410298052267,120.13377882059605,120.10122117940385
446,120.12,nan,nan,120.11724999999994,0.007980444849758789,120.13321088969946,120.10128911030043
447,120.11,nan,nan,120.11724999999994,0.007980444849758789,120.13321088969946,120.10128911030043
448,120.11,nan,nan,120.11774999999997,0.007154544010629176,120.13205908802124,120.10344091197871
449,120.11,nan,nan,120.11824999999999,0.006179603547155561,120.1306092070943,120.10589079290568
450,120.11,nan,nan,120.11874999999998,0.004968651728588434,120.12868730345716,120.1088126965428
451,120.11,nan,nan,120.11774999999997,0.004602988159882288,120.12695597631973,120.10854402368021
452,120.12,nan,nan,120.11749999999995,0.0043301270189244085,120.1261602540378,120.1088397459621
453,120.12,nan,nan,120.11749999999995,0.0043301270189244085,120.1261602540378,120.1088397459621
454,120.12,nan,nan,120.11749999999995,0.0043301270189244085,120.1261602540378,120.1088397459621
455,120.115,nan,nan,120.11724999999994,0.004322904116450042,120.12589580823284,120.10860419176704
456,120.11,nan,nan,120.11674999999995,0.0045483513496675275,120.12584670269929,120.10765329730062
457,120.11,nan,nan,120.11624999999997,0.0047103609203566965,120.12567072184068,120.10682927815925
458,120.11,nan,nan,120.11574999999998,0.0048153400710670745,120.12538068014211,120.10611931985784
459,120.11,nan,nan,120.11524999999999,0.004866980583485454,120.12498396116696,120.10551603883302
460,120.125,nan,nan,120.11549999999997,0.005220153254457333,120.12594030650888,120.10505969349106
461,120.12,nan,nan,120.11549999999997,0.005220153254457333,120.12594030650888,120.10505969349106
462,120.12,nan,nan,120.11549999999997,0.005220153254457333,120.12594030650888,120.10505969349106
463,120.12,nan,nan,120.11549999999997,0.005220153254457333,120.12594030650888,120.10505969349106
464,120.125,nan,nan,120.11574999999998,0.00553962995154178,120.12682925990306,120.10467074009689
465,120.12,nan,nan,120.11574999999998,0.00553962995154178,120.12682925990306,120.10467074009689
466,120.125,nan,nan,120.11599999999996,0.005830951894846699,120.12766190378964,120.10433809621027
467,120.125,nan,nan,120.11674999999995,0.0059739015726754585,120.1286978031453,120.1048021968546
468,120.125,nan,nan,120.11749999999998,0.006020797289397164,120.12954159457877,120.10545840542119
469,120.125,nan,nan,120.11824999999999,0.005973901572675103,120.13019780314534,120.10630219685464
470,120.13,nan,nan,120.11925,0.006179603547154323,120.1316092070943,120.10689079290569
471,120.135,nan,120.135,120.12049999999999,0.006689544080130328,120.13387908816026,120.10712091183973
472,120.13,nan,nan,120.12100000000001,0.007000000000000131,120.135,120.10700000000001
473,120.13,nan,nan,120.12150000000001,0.007262919523166826,120.13602583904634,120.10697416095368
474,120.135,nan,nan,120.12225000000001,0.007822243923581319,120.13789448784718,120.10660551215284
475,120.14,nan,nan,120.1235,0.008529361054616021,120.14055872210923,120.10644127789078
476,120.14,nan,nan,120.125,0.008660254037844305,120.14232050807568,120.10767949192432
477,120.13,nan,nan,120.126,0.007999999999999653,120.14200000000001,120.11
478,120.13,nan,nan,120.12700000000002,0.007141428428542224,120.1412828568571,120.11271714314294
479,120.135,nan,nan,120.12825000000002,0.006179603547153548,120.14060920709433,120.11589079290572
480,120.13,nan,nan,120.12850000000003,0.0061441028637215815,120.14078820572747,120.11621179427259
481,120.14,nan,nan,120.12950000000004,0.00630476010645892,120.14210952021295,120.11689047978712
482,120.14,nan,nan,120.13050000000001,0.006304760106459316,120.14310952021293,120.11789047978709
483,120.13,nan,nan,120.131,0.005830951894845847,120.14266190378969,120.11933809621031
484,120.14,nan,nan,120.13175000000001,0.005973901572674894,120.14369780314536,120.11980219685466
485,120.15,nan,nan,120.13325000000002,0.00657171971404932,120.14639343942811,120.12010656057193
486,120.16,nan,nan,120.13500000000002,0.008514693182964219,120.15202938636595,120.11797061363409
487,120.16,nan,nan,120.13675,0.009781998773257508,120.15631399754652,120.1171860024535
488,120.16,nan,nan,120.1385,0.010618380290797964,120.1597367605816,120.11726323941839
489,120.16,nan,nan,120.14025,0.01112148820976775,120.16249297641953,120.11800702358046
490,120.16,nan,nan,120.14175000000003,0.01164849775722152,120.16504699551447,120.11845300448559
491,120.16,nan,nan,120.143,0.012186057606953763,120.16737211521391,120.1186278847861
492,120.16,nan,nan,120.14450000000002,0.012338962679252583,120.16917792535853,120.11982207464152
493,120.16,nan,nan,120.146,0.012308533625090367,120.17061706725018,120.12138293274982
494,120.155,nan,nan,120.14700000000002,0.012186057606953528,120.17137211521393,120.12262788478611
495,120.16,nan,nan,120.14800000000002,0.012389511693363435,120.17277902338675,120.1232209766133
496,120.15,nan,nan,120.14850000000004,0.012257650672130957,120.17301530134431,120.12398469865578
497,120.155,nan,nan,120.14975000000004,0.011562331079846649,120.17287466215973,120.12662533784035
498,120.15,nan,nan,120.15075000000004,0.010638961415475679,120.17202792283099,120.1294720771691
499,120.135,nan,nan,120.15075000000004,0.01063896141547568,120.17202792283099,120.1294720771691
500,120.14,nan,nan,120.15125000000003,0.009858372076563688,120.17096674415316,120.1315332558469
501,120.13,nan,nan,120.15075000000002,0.01063896141547568,120.17202792283096,120.12947207716907
502,120.13,nan,nan,120.15025000000003,0.01134405130453796,120.17293810260911,120.12756189739095
503,120.13,nan,nan,120.15025000000003,0.01134405130453796,120.17293810260911,120.12756189739095
504,120.14,nan,nan,120.15025,0.01134405130453796,120.17293810260908,120.12756189739092
505,120.14,nan,nan,120.14975000000001,0.011562331079846647,120.1728746621597,120.12662533784032
506,120.14,nan,nan,120.14874999999999,0.011497282287566428,120.17174456457512,120.12575543542486
507,120.14,nan,nan,120.14775000000002,0.011344051304538007,120.1704381026091,120.12506189739094
508,120.135,nan,nan,120.14650000000002,0.011302654555456749,120.16910530911093,120.1238946908891
509,120.14,nan,nan,120.14550000000004,0.010943034314119238,120.16738606862828,120.1236139313718
510,120.13,nan,nan,120.14400000000005,0.010908712114635824,120.16581742422932,120.12218257577078
511,120.13,nan,nan,120.14250000000004,0.010665364503851398,120.16383072900774,120.12116927099234
512,120.13,nan,nan,120.14100000000005,0.010198039027186747,120.16139607805442,120.12060392194567
513,120.11,120.11,nan,120.13850000000005,0.011302654555458695,120.16110530911097,120.11589469088914
514,120.115,nan,nan,120.13650000000003,0.011736694594307179,120.15997338918864,120.11302661081142
515,120.115,nan,nan,120.13425000000002,0.011321991874226712,120.15689398374847,120.11160601625157
516,120.115,nan,nan,120.13250000000001,0.011456439237391895,120.15541287847479,120.10958712152522
517,120.115,nan,nan,120.13049999999998,0.010828203913856313,120.15215640782769,120.10884359217228
518,120.115,nan,nan,120.12875,0.010353139620426407,120.14945627924085,120.10804372075914
519,120.12,nan,nan,120.12799999999997,0.010416333328001407,120.14883266665598,120.10716733334397
520,120.12,nan,nan,120.127,0.010173494974689124,120.14734698994937,120.10665301005062
521,120.12,nan,nan,120.1265,0.010259142264342654,120.14701828452868,120.1059817154713
522,120.115,nan,nan,120.12574999999997,0.010520812706251695,120.14679162541248,120.10470837458746
523,120.115,nan,nan,120.12499999999996,0.010723805294765116,120.14644761058949,120.10355238941042
524,120.115,nan,nan,120.12374999999994,0.010353139620425892,120.1444562792408,120.10304372075909
525,120.115,nan,nan,120.12249999999997,0.009810708435175872,120.14212141687032,120.10287858312962
526,120.11,nan,nan,120.12099999999998,0.009300537618870456,120.13960107523772,120.10239892476224
527,120.11,nan,nan,120.11949999999999,0.008500000000001047,120.13649999999998,120.10249999999999
528,120.1,nan,nan,120.11775,0.008728545125048717,120.13520709025009,120.10029290974991
529,120.11,nan,nan,120.11625,0.007224091638400134,120.13069818327679,120.1018018167232
530,120.11,nan,nan,120.11524999999999,0.006609652033201473,120.12846930406639,120.10203069593359
531,120.115,nan,nan,120.11449999999999,0.005678908345800926,120.12585781669159,120.10314218330839
532,120.11,nan,nan,120.11349999999997,0.0045000000000011186,120.12249999999997,120.10449999999997
533,120.12,nan,nan,120.11399999999996,0.004636809247749458,120.12327361849546,120.10472638150446
534,120.12,nan,nan,120.11424999999997,0.004815340071066521,120.12388068014211,120.10461931985783
535,120.12,nan,nan,120.11449999999995,0.004974937185535358,120.12444987437102,120.10455012562888
536,120.13,nan,120.13,120.11524999999997,0.006015604707759421,120.1272812094155,120.10321879058445
537,120.135,nan,nan,120.11625,0.0073950997288764414,120.13104019945774,120.10145980054224
538,120.14,nan,nan,120.11749999999998,0.00901387818866163,120.1355277563773,120.09947224362266
539,120.14,nan,nan,120.11849999999997,0.010259142264343104,120.13901828452866,120.09798171547128
540,120.14,nan,nan,120.11949999999997,0.011280514172679935,120.14206102834534,120.09693897165461
541,120.14,nan,nan,120.12049999999996,0.01213466109951306,120.144769322199,120.09623067780093
542,120.145,nan,nan,120.122,0.013171939872320458,120.14834387974464,120.09565612025536
543,120.15,nan,nan,120.12375,0.014394009170486126,120.15253801834098,120.09496198165903
544,120.155,nan,nan,120.12575000000004,0.015753967754189347,120.15725793550841,120.09424206449167
545,120.15,nan,nan,120.12750000000003,0.016393596310756344,120.16028719262154,120.09471280737851
546,120.155,nan,nan,120.12975000000003,0.01691707717071845,120.16358415434146,120.0959158456586
547,120.155,nan,nan,120.13200000000003,0.01713184169901303,120.16626368339806,120.09773631660201
548,120.17,nan,nan,120.13550000000005,0.01738533865071435,120.17027067730147,120.10072932269863
549,120.17,nan,nan,120.13850000000005,0.01789553016817382,120.1742910603364,120.1027089396637
550,120.175,nan,nan,120.14175000000003,0.018321776660575252,120.17839355332119,120.10510644667887
551,120.18,nan,nan,120.14500000000001,0.019039432764659806,120.18307886552932,120.1069211344707
552,120.18,nan,nan,120.14849999999998,0.018714967272213136,120.1859299345444,120.11107006545556
553,120.17,nan,nan,120.151,0.018069310999593087,120.18713862199918,120.11486137800081
554,120.17,nan,nan,120.15350000000001,0.01703672503740153,120.18757345007481,120.11942654992521
555,120.19,nan,nan,120.15700000000001,0.016985287751463646,120.19097057550294,120.12302942449708
556,120.19,nan,nan,120.16000000000001,0.0172481883106601,120.19449637662133,120.12550362337869
557,120.19,nan,nan,120.16275000000003,0.017426631917843195,120.19760326383572,120.12789673616435
558,120.2,nan,nan,120.16575,0.018389874931602854,120.2025297498632,120.1289702501368
559,120.21,nan,nan,120.16925,0.019765816451641004,120.20878163290328,120.12971836709673
560,120.21,nan,nan,120.17275000000002,0.02046185475463879,120.2136737095093,120.13182629049075
561,120.215,nan,nan,120.17650000000003,0.020982135258355964,120.21846427051675,120.13453572948332
562,120.215,nan,nan,120.18000000000002,0.02127204738618117,120.22254409477239,120.13745590522765
563,120.21,nan,nan,120.18300000000004,0.021059439688651076,120.22511887937733,120.14088112062274
564,120.21,nan,nan,120.18575000000003,0.02081315689653825,120.2273763137931,120.14412368620695
565,120.21,nan,nan,120.18875,0.019740504046247793,120.2282310080925,120.1492689919075
566,120.21,nan,nan,120.19149999999999,0.018648056198969375,120.22879611239793,120.15420388760205
567,120.215,nan,nan,120.19450000000002,0.01731328969317895,120.22912657938637,120.15987342061366
568,120.21,nan,nan,120.19650000000001,0.016665833312497016,120.229831666625,120.16316833337503
569,120.215,nan,nan,120.19875000000002,0.015958931668503082,120.23066786333702,120.16683213666302
570,120.215,nan,nan,120.20075000000001,0.015352117117842479,120.2314542342357,120.17004576576433
571,120.24,nan,nan,120.20375000000001,0.016798437427330965,120.23734687485468,120.17015312514535
572,120.24,nan,nan,120.20674999999999,0.017626329737071268,120.24200265947412,120.17149734052585
573,120.235,nan,nan,120.21,0.016507574019218582,120.24301514803842,120.17698485196156
574,120.235,nan,nan,120.21325000000002,0.01460094175044882,120.24245188350092,120.18404811649911
575,120.23,nan,nan,120.21525000000001,0.014006694827831727,120.24326338965568,120.18723661034434
576,120.23,nan,nan,120.21724999999999,0.013083864108130061,120.24341772821626,120.19108227178373
577,120.23,nan,nan,120.21924999999999,0.011755317945509497,120.242760635891,120.19573936410897
578,120.23,nan,nan,120.22075,0.011098986440212937,120.24294797288042,120.19855202711958
579,120.23,nan,nan,120.22174999999997,0.010985786271361224,120.2437215725427,120.19977842745725
580,120.23,nan,nan,120.22274999999999,0.01077903056865621,120.2443080611373,120.20119193886268
581,120.23,nan,nan,120.22349999999999,0.010735455276793366,120.24497091055358,120.2020290894464
582,120.23,nan,nan,120.22424999999998,0.010638961415478298,120.24552792283095,120.20297207716902
583,120.23,nan,nan,120.22525,0.010182705927209549,120.24561541185442,120.20488458814559
584,120.23,nan,nan,120.22625000000001,0.00960143218483674,120.24545286436968,120.20704713563033
585,120.23,nan,nan,120.22725,0.00887059749960549,120.24499119499922,120.20950880500078
586,120.23,nan,nan,120.22825,0.007949056547791909,120.24414811309559,120.21235188690441
587,120.24,nan,nan,120.22949999999999,0.007729812416869371,120.24495962483373,120.21404037516625
588,120.23,nan,nan,120.23049999999998,0.006304760106457008,120.2431095202129,120.21789047978706
589,120.23,nan,nan,120.23125,0.005214163403651025,120.2416783268073,120.2208216731927
590,120.235,nan,nan,120.23225,0.0036996621467338215,120.23964932429347,120.22485067570652
591,120.23,nan,nan,120.23175,0.0032691742076525316,120.23828834841531,120.2252116515847
592,120.24,nan,nan,120.23174999999999,0.0032691742076525316,120.2382883484153,120.22521165158469
593,120.24,nan,nan,120.23199999999997,0.0036742346141714253,120.23934846922832,120.22465153077162
594,120.24,nan,nan,120.23224999999998,0.004023369234854112,120.24029673846968,120.22420326153028
595,120.24,nan,nan,120.23274999999997,0.004322904116443714,120.24139580823285,120.22410419176708
596,120.24,nan,nan,120.23324999999997,0.004548351349660926,120.2423467026993,120.22415329730065
597,120.24,nan,nan,120.23374999999996,0.0047103609203499085,120.24317072184066,120.22432927815926
598,120.235,nan,nan,120.234,0.004636809247743634,120.24327361849548,120.22472638150451
599,120.25,nan,nan,120.23499999999999,0.005700877125492374,120.24640175425097,120.223598245749
600,120.25,nan,nan,120.23599999999999,0.006442049363359791,120.2488840987267,120.22311590127327
601,120.25,nan,nan,120.237,0.006964194138589705,120.25092838827717,120.22307161172282
602,120.25,nan,nan,120.23800000000001,0.007314369419161908,120.25262873883834,120.22337126116169
603,120.25,nan,nan,120.23899999999999,0.007516648189184817,120.25403329637835,120.22396670362163
604,120.24,nan,nan,120.23949999999999,0.007228416147399067,120.25395683229479,120.2250431677052
605,120.24,nan,nan,120.23999999999997,0.006892024376043997,120.25378404875205,120.22621595124788
606,120.24,nan,nan,120.24049999999997,0.006499999999999281,120.25349999999997,120.22749999999996
607,120.24,nan,nan,120.24049999999997,0.006499999999999281,120.25349999999997,120.22749999999996
608,120.24,nan,nan,120.24099999999996,0.006041522986797082,120.25308304597355,120.22891695402636
609,120.24,nan,nan,120.24149999999997,0.005500000000000488,120.25249999999997,120.23049999999998
610,120.24,nan,nan,120.24174999999998,0.0053091901453995154,120.25236838029078,120.23113161970919
611,120.24,nan,nan,120.24224999999997,0.004602988159882287,120.25145597631973,120.23304402368021
612,120.25,nan,nan,120.24274999999997,0.00486698058348487,120.25248396116694,120.233016038833
613,120.25,nan,nan,120.24324999999999,0.0050682837331803374,120.25338656746635,120.23311343253363
614,120.25,nan,nan,120.24375,0.0052141634036556245,120.25417832680732,120.23332167319269
615,120.25,nan,nan,120.24425000000001,0.005309190145400924,120.25486838029082,120.2336316197092
616,120.245,nan,nan,120.24449999999999,0.005220153254457333,120.2549403065089,120.23405969349108
617,120.245,nan,nan,120.24474999999998,0.005117372372616655,120.25498474474522,120.23451525525475
618,120.25,nan,nan,120.24549999999999,0.00471699056603064,120.25493398113206,120.23606601886793
619,120.255,nan,nan,120.24575,0.005068283733180161,120.25588656746636,120.23561343253364
620,120.27,nan,nan,120.24674999999999,0.007292976072908305,120.26133595214581,120.23216404785417
621,120.26,nan,nan,120.24725000000001,0.007822243923582385,120.26289448784718,120.23160551215284
622,120.25,nan,nan,120.24725000000001,0.007822243923582387,120.26289448784718,120.23160551215284
623,120.25,nan,nan,120.24725000000001,0.007822243923582387,120.26289448784718,120.23160551215284
624,120.25,nan,nan,120.24775,0.007660776723023546,120.26307155344604,120.23242844655395
625,120.26,nan,nan,120.24875000000002,0.007885905147795254,120.2645218102956,120.23297818970443
626,120.26,nan,nan,120.24974999999999,0.007980444849757807,120.2657108896995,120.23378911030048
627,120.245,nan,nan,120.25,0.0077459666924160455,120.26549193338484,120.23450806661516
628,120.25,nan,nan,120.25050000000002,0.007399324293475276,120.26529864858696,120.23570135141307
629,120.245,nan,nan,120.25075,0.007119515432949431,120.26498903086589,120.2365109691341
630,120.24,nan,nan,120.25075,0.007119515432949432,120.26498903086589,120.2365109691341
631,120.22,120.22,nan,120.24974999999998,0.009549214627392402,120.26884842925476,120.2306515707452
632,120.21,nan,nan,120.24774999999997,0.012891373084354993,120.27353274616868,120.22196725383125
633,120.2,nan,nan,120.24524999999998,0.016543503256566387,120.27833700651311,120.21216299348686
634,120.18,nan,nan,120.24174999999998,0.021752873373418646,120.28525574674681,120.19824425325315
635,120.19,nan,nan,120.23874999999998,0.024386215368523333,120.28752243073703,120.18997756926294
636,120.18,nan,nan,120.2355,0.02747271373563172,120.29044542747127,120.18055457252873
637,120.17,nan,nan,120.23175,0.030833220720514417,120.29341644144104,120.17008355855897
638,120.16,nan,nan,120.22725,0.03422261679065456,120.29569523358131,120.15880476641868
639,120.165,nan,nan,120.22274999999999,0.03614121608357938,120.29503243216715,120.15046756783283
640,120.165,nan,nan,120.21750000000002,0.03652054216465001,120.29054108432932,120.14445891567071
641,120.155,nan,nan,120.21225000000004,0.03756577564752214,120.28738155129508,120.137118448705
642,120.155,nan,nan,120.20750000000005,0.03848701079585133,120.28447402159176,120.13052597840834
643,120.145,nan,nan,120.20225000000002,0.039480216564755796,120.28121043312953,120.12328956687051
644,120.14,nan,nan,120.19675000000002,0.04010221315588494,120.27695442631179,120.11654557368826
645,120.14,nan,nan,120.19075000000001,0.0391559382469634,120.26906187649394,120.11243812350608
646,120.14,nan,nan,120.18475000000001,0.037231539049574436,120.25921307809915,120.11028692190087
647,120.145,nan,nan,120.17975000000001,0.03547798613224799,120.25070597226451,120.10879402773551
648,120.14,nan,nan,120.17425,0.032568197678102886,120.2393863953562,120.1091136046438
649,120.14,nan,nan,120.16900000000001,0.02900861940871983,120.22701723881745,120.11098276118257
650,120.13,nan,nan,120.1635,0.02520416632225746,120.21390833264451,120.11309166735549
651,120.13,nan,nan,120.15900000000002,0.022616365755798205,120.20423273151161,120.11376726848843
652,120.125,nan,nan,120.15475,0.020522853115492474,120.195795706231,120.11370429376902
653,120.12,nan,nan,120.15075000000002,0.0190574788469004,120.18886495769382,120.11263504230621
654,120.12,nan,nan,120.14775000000002,0.01893904696651936,120.18562809393306,120.10987190606697
655,120.12,nan,nan,120.14425000000001,0.017195566289018513,120.17864113257805,120.10985886742198
656,120.12,nan,nan,120.14124999999999,0.01588041246315723,120.1730108249263,120.10948917507368
657,120.12,nan,nan,120.13874999999999,0.015072740294982527,120.16889548058995,120.10860451941002
658,120.12,nan,nan,120.13674999999998,0.014771171246722255,120.16629234249342,120.10720765750654
659,120.13,nan,nan,120.13499999999999,0.013322912594473572,120.16164582518894,120.10835417481104
660,120.13,nan,nan,120.13324999999998,0.011431863365172245,120.15611372673033,120.11038627326963
661,120.13,nan,nan,120.13199999999999,0.010295630140985368,120.15259126028197,120.11140873971802
662,120.13,nan,nan,120.13074999999999,0.008842369591911661,120.14843473918381,120.11306526081617
663,120.13,nan,nan,120.13,0.008215838362575641,120.14643167672514,120.11356832327485
664,120.13,nan,nan,120.12950000000001,0.007889866919027752,120.14527973383807,120.11372026616195
665,120.13,nan,nan,120.12900000000002,0.007516648189184248,120.14403329637838,120.11396670362166
666,120.145,nan,nan,120.12925000000003,0.007949056547789829,120.1451481130956,120.11335188690445
667,120.15,nan,nan,120.12950000000004,0.008499999999998746,120.14650000000003,120.11250000000004
668,120.15,nan,nan,120.13000000000004,0.009354143466934322,120.14870828693391,120.11129171306617
669,120.15,nan,nan,120.13050000000005,0.010111874208078386,120.15072374841621,120.1102762515839
670,120.165,nan,nan,120.13225000000004,0.012597122687344933,120.15744424537473,120.10705575462535
671,120.16,nan,nan,120.13375000000003,0.013953046262376123,120.1616560925248,120.10584390747528
672,120.155,nan,nan,120.13525000000004,0.014532291629333921,120.16431458325872,120.10618541674137
673,120.165,nan,nan,120.13750000000002,0.01545153714036345,120.16840307428075,120.10659692571929
674,120.16,nan,nan,120.13950000000003,0.01564448784716298,120.17078897569435,120.1082110243057
675,120.16,nan,nan,120.1415,0.01558043645088392,120.17266087290176,120.11033912709823
676,120.16,nan,nan,120.14349999999999,0.015256146302393594,120.17401229260477,120.1129877073952
677,120.165,nan,nan,120.14574999999999,0.014939461168330795,120.17562892233666,120.11587107766333
678,120.17,nan,nan,120.14825,0.014600941750451657,120.17745188350091,120.1190481164991
679,120.175,nan,nan,120.15050000000004,0.015074813431683605,120.1806496268634,120.12035037313667
680,120.17,nan,nan,120.1525,0.014874474780645632,120.1822489495613,120.12275105043871
681,120.17,nan,nan,120.15450000000003,0.014396180048889881,120.18329236009781,120.12570763990225
682,120.17,nan,nan,120.15650000000001,0.013610657588817838,120.18372131517765,120.12927868482237
683,120.17,nan,nan,120.1585,0.012459935794378381,120.18341987158875,120.13358012841125
684,120.17,nan,nan,120.16050000000003,0.010828203913854605,120.18215640782773,120.13884359217232
685,120.16,nan,nan,120.162,0.008276472678623366,120.17855294535725,120.14544705464276
686,120.16,nan,nan,120.16275,0.00732717544487582,120.17740435088976,120.14809564911025
687,120.16,nan,nan,120.16324999999999,0.006759252917297786,120.17676850583459,120.1497314941654
688,120.15,nan,nan,120.16325000000002,0.006759252917297785,120.17676850583462,120.14973149416542
689,120.14,nan,nan,120.16275000000003,0.007980444849756515,120.17871088969954,120.14678911030052
690,120.16,nan,nan,120.1625,0.007984359711335959,120.17846871942267,120.14653128057732
691,120.175,nan,nan,120.16325000000002,0.00840758586040014,120.18006517172081,120.14643482827923
692,120.175,nan,nan,120.16425000000004,0.00855496931613424,120.18135993863231,120.14714006136776
693,120.18,nan,nan,120.16500000000003,0.009219544457293366,120.18343908891462,120.14656091108544
694,120.18,nan,nan,120.16600000000001,0.009695359714833514,120.18539071942968,120.14660928057035
695,120.18,nan,nan,120.167,0.010049875621122003,120.18709975124224,120.14690024875776
696,120.175,nan,nan,120.16775000000003,0.010059199769366164,120.18786839953876,120.1476316004613
697,120.175,nan,nan,120.16825000000003,0.010158124826955786,120.18856624965395,120.14793375034611
698,120.18,nan,nan,120.16875000000002,0.01047318003282778,120.18969636006567,120.14780363993437
699,120.205,nan,nan,120.17025000000001,0.01308386410813013,120.19641772821628,120.14408227178374
700,120.2,nan,nan,120.17175,0.014600941750449587,120.2009518835009,120.1425481164991
701,120.2,nan,nan,120.17324999999998,0.01583311403356988,120.20491622806712,120.14158377193284
702,120.2,nan,nan,120.17474999999997,0.016843025262702448,120.20843605052538,120.14106394947457
703,120.2,nan,nan,120.17624999999998,0.01766882848408569,120.21158765696815,120.14091234303181
704,120.205,nan,nan,120.17799999999997,0.018668154702595304,120.21533630940516,120.14066369059478
705,120.205,nan,nan,120.18025,0.019070592544543973,120.21839118508909,120.14210881491091
706,120.22,nan,nan,120.18325,0.020327014045353507,120.22390402809071,120.14259597190929
707,120.225,nan,nan,120.1865,0.02151162476429805,120.2295232495286,120.1434767504714
708,120.245,nan,120.245,120.19125,0.02333854108550919,120.23792708217101,120.14457291782898
709,120.245,nan,nan,120.19649999999999,0.023027157879339274,120.24255431575867,120.1504456842413
710,120.25,nan,nan,120.20099999999998,0.02421776207662453,120.24943552415323,120.15256447584673
711,120.25,nan,nan,120.20474999999999,0.025664907948402534,120.2560798158968,120.15342018410318
712,120.25,nan,nan,120.20849999999999,0.026509432283622292,120.26151886456724,120.15548113543274
713,120.25,nan,nan,120.21199999999999,0.027129319932500468,120.26625863986499,120.15774136013499
714,120.24,nan,nan,120.21499999999999,0.026739483914241344,120.26847896782847,120.1615210321715
715,120.21,nan,nan,120.21649999999997,0.025548972582082406,120.26759794516413,120.16540205483581
716,120.21,nan,nan,120.21824999999998,0.02378418592258292,120.26581837184514,120.17068162815482
717,120.21,nan,nan,120.21999999999998,0.021737065119283836,120.26347413023855,120.17652586976142
718,120.205,nan,nan,120.22124999999998,0.020054612935681858,120.26135922587135,120.18114077412862
719,120.205,nan,nan,120.22124999999998,0.020054612935681858,120.26135922587135,120.18114077412862
720,120.205,nan,nan,120.22150000000002,0.019817921182607105,120.26113584236523,120.1818641576348
721,120.21,nan,nan,120.22200000000001,0.019390719429666404,120.26078143885934,120.18321856114068
722,120.22,nan,nan,120.223,0.018734993995196587,120.26046998799039,120.18553001200961
723,120.21,nan,nan,120.22349999999999,0.01824143634695659,120.2599828726939,120.18701712730608
724,120.22,nan,nan,120.22424999999998,0.017767596911233367,120.25978519382245,120.18871480617752
725,120.22,nan,nan,120.22499999999998,0.01724818831066237,120.2594963766213,120.19050362337866
726,120.22,nan,nan,120.22499999999998,0.01724818831066237,120.2594963766213,120.19050362337866
727,120.22,nan,nan,120.22474999999997,0.01728257793270638,120.25931515586538,120.19018484413456
728,120.21,nan,nan,120.22299999999998,0.016911534525289568,120.25682306905057,120.1891769309494
729,120.21,nan,nan,120.22125000000001,0.016345871038279017,120.25394174207656,120.18855825792346
730,120.21,nan,nan,120.21925000000002,0.015105876340022204,120.24946175268006,120.18903824731997
731,120.21,nan,nan,120.21725,0.013460590625973065,120.24417118125196,120.19032881874806
732,120.22,nan,nan,120.21575,0.011211043662390337,120.23817208732478,120.19332791267522
733,120.22,nan,nan,120.21424999999999,0.008104782538724337,120.23045956507744,120.19804043492255
734,120.225,nan,nan,120.2135,0.006144102863723257,120.22578820572744,120.20121179427255
735,120.23,nan,nan,120.2145,0.007053367989834586,120.22860673597967,120.20039326402033
736,120.2,nan,nan,120.21400000000001,0.0076811457478694846,120.22936229149575,120.19863770850428
737,120.195,120.195,nan,120.21324999999999,0.00869985632065379,120.2306497126413,120.19585028735868
738,120.19,nan,nan,120.21250000000002,0.009937303457176867,120.23237460691438,120.19262539308566
739,120.185,nan,nan,120.2115,0.011521718621803194,120.2345434372436,120.1884565627564
740,120.195,nan,nan,120.21100000000001,0.012000000000000574,120.23500000000001,120.18700000000001
741,120.195,nan,nan,120.21025000000002,0.012497499749950774,120.23524499949991,120.18525500050012
742,120.22,nan,nan,120.21025,0.012497499749950774,120.2352449994999,120.1852550005001
743,120.21,nan,nan,120.21025,0.012497499749950774,120.2352449994999,120.1852550005001
744,120.21,nan,nan,120.20974999999999,0.012295832627358656,120.2343416652547,120.18515833474527
745,120.215,nan,nan,120.2095,0.01213466109951239,120.23376932219902,120.18523067780099
746,120.23,nan,nan,120.21,0.012747548783983187,120.23549509756796,120.18450490243202
747,120.225,nan,nan,120.21025,0.012987975207861513,120.23622595041573,120.18427404958427
748,120.23,nan,nan,120.21124999999999,0.013681648292513511,120.23861329658502,120.18388670341497
749,120.225,nan,nan,120.21199999999999,0.014000000000001175,120.24,120.18399999999998
750,120.22,nan,nan,120.21249999999998,0.014097872179872848,120.24069574435973,120.18430425564023
751,120.22,nan,nan,120.21299999999997,0.014177446878758963,120.24135489375749,120.18464510624244
752,120.22,nan,nan,120.21299999999997,0.014177446878758963,120.24135489375749,120.18464510624244
753,120.22,nan,nan,120.21299999999997,0.014177446878758963,120.24135489375749,120.18464510624244
754,120.22,nan,nan,120.21274999999996,0.014006694827832775,120.24076338965563,120.18473661034429
755,120.21,nan,nan,120.21174999999998,0.013442005058771108,120.23863401011752,120.18486598988244
756,120.205,nan,nan,120.21199999999999,0.013266499161422871,120.23853299832284,120.18546700167714
757,120.2,nan,nan,120.21225,0.012987975207861295,120.23822595041572,120.18627404958427
758,120.2,nan,nan,120.21274999999999,0.01229583262735846,120.2373416652547,120.18815833474527
759,120.2,nan,nan,120.21349999999998,0.010965856099731469,120.23543171219944,120.19156828780052
760,120.2,nan,nan,120.21374999999998,0.010591860082157525,120.23493372016429,120.19256627983566
761,120.2,nan,nan,120.21399999999998,0.010198039027184864,120.23439607805436,120.19360392194561
762,120.2,nan,nan,120.213,0.010535653752851858,120.2340713075057,120.19192869249429
763,120.2,nan,nan,120.2125,0.010897247358850577,120.2342944947177,120.19070550528231
764,120.21,nan,nan,120.2125,0.010897247358850575,120.2342944947177,120.19070550528231
765,120.2,nan,nan,120.21175000000001,0.011211043662388058,120.23417208732478,120.18932791267524
766,120.16,nan,nan,120.20824999999999,0.015188400179083345,120.23862680035816,120.17787319964182
767,120.18,nan,nan,120.20599999999999,0.01585875152715277,120.2377175030543,120.17428249694568
768,120.18,nan,nan,120.2035,0.01581929201955463,120.23513858403912,120.17186141596089
769,120.18,nan,nan,120.20125,0.01580150309305876,120.23285300618612,120.16964699381388
770,120.165,nan,nan,120.19850000000001,0.017036725037398837,120.23257345007481,120.16442654992521
771,120.165,nan,nan,120.19575000000002,0.017767596911229262,120.23128519382247,120.16021480617756
772,120.165,nan,nan,120.19300000000003,0.018055470085265535,120.22911094017056,120.1568890598295
773,120.19,nan,nan,120.19150000000002,0.016963195453685263,120.22542639090739,120.15757360909265
774,120.19,nan,nan,120.19000000000003,0.015652475842496547,120.22130495168501,120.15869504831504
775,120.19,nan,nan,120.18900000000001,0.014966629547094257,120.2189332590942,120.15906674090581
776,120.18,nan,nan,120.18775000000001,0.01461805390604228,120.21698610781209,120.15851389218793
