Date,Close,SMA,STD,Upper,Lower
2018-02-08,329.61,,,,
2018-02-09,333.09,,,,
2018-02-12,343.69,,,,
2018-02-13,343.19,,,,
2018-02-14,344.95,,,,
2018-02-15,356.55,,,,
2018-02-16,354.93,,,,
2018-02-20,353.06,,,,
2018-02-21,352.24,,,,
2018-02-22,355.85,,,,
2018-02-23,356.71,,,,
2018-02-26,363.41,,,,
2018-02-27,364.45,,,,
2018-02-28,362.31,,,,
2018-03-01,349.87,,,,
2018-03-02,344.7,,,,
2018-03-05,353.57,,,,
2018-03-06,349.06,,,,
2018-03-07,347.06,,,,
2018-03-08,348.68,350.34900000000005,9.073043300725619,368.4950866014513,332.2029133985488
2018-03-09,354.53,351.5950000000001,7.679112133436705,366.9532242668735,336.23677573312665
2018-03-12,344.26,352.15350000000007,6.591602532568879,365.33670506513783,338.9702949348623
2018-03-13,338.75,351.9065000000001,7.005028475842794,365.9165569516857,337.8964430483145
2018-03-14,330.28,351.2610000000001,8.321604033130303,367.9042080662607,334.61779193373945
2018-03-15,329.91,350.5090000000001,9.515801761170442,369.54060352234103,331.4773964776592
2018-03-16,329.8,349.1715000000001,10.455545129134489,370.0825902582691,328.2604097417311
2018-03-19,331.77,348.01350000000014,11.049845569294737,370.1131911385896,325.91380886141064
2018-03-20,337.81,347.2510000000001,11.208311718494743,369.6676234369896,324.8343765630106
2018-03-21,337.22,346.5000000000001,11.358626677552135,369.2172533551044,323.78274664489584
2018-03-22,319.6,344.6875000000001,12.611260580174033,369.91002116034815,319.4649788396521
2018-03-23,320.85,342.89450000000016,13.340131173899328,369.5747623477988,316.2142376522015
2018-03-26,328.96,341.17200000000014,12.763367234311366,366.6987344686229,315.6452655313774
2018-03-27,321.12,339.00550000000015,12.272155678608302,363.54981135721675,314.46118864278355
2018-03-28,319.97,336.88850000000014,11.677975344977074,360.2444506899543,313.53254931004597
2018-03-29,327.84,335.78700000000015,11.425311282181084,358.63762256436235,312.93637743563795
2018-04-02,322.23,334.66350000000017,11.606084282324439,357.87566856464906,311.4513314353513
2018-04-03,330.7,333.52000000000015,10.739558944192568,354.9991178883853,312.040882111615
2018-04-04,327.41,332.4375000000001,10.166582966293209,352.77066593258655,312.1043340674137
2018-04-05,336.39,331.9040000000001,9.624368960858353,351.15273792171683,312.6552620782834
2018-04-06,325.96,330.76800000000014,8.849704485104624,348.46740897020936,313.0685910297909
2018-04-09,322.54,329.1685000000001,7.033481787324693,343.2354635746495,315.10153642535073
2018-04-10,334.71,328.69100000000014,6.233703722929063,341.15840744585824,316.22359255414204
2018-04-11,327.44,328.1255000000001,5.768826821350524,339.66315364270116,316.58784635729904
2018-04-12,337.34,328.4785000000001,6.11331960386039,340.7051392077209,316.25186079227933
2018-04-13,329.32,328.4490000000001,6.107469025278247,340.6639380505566,316.2340619494436
2018-04-16,331.79,328.5485000000001,6.14672122697147,340.84194245394303,316.2550575460572
2018-04-17,336.72,328.7960000000001,6.378548259183535,341.55309651836717,316.03890348163304
2018-04-18,341.0,328.9555000000001,6.649924000356907,342.2553480007139,315.65565199928625
2018-04-19,340.65,329.12700000000007,6.913295428679944,342.9535908573599,315.3004091426402
2018-04-20,338.67,330.08050000000003,6.844903194117419,343.77030638823487,316.3906936117652
2018-04-23,338.37,330.9565,6.721401228440475,344.39930245688095,317.51369754311906
2018-04-24,328.87,330.952,6.722838216423733,344.39767643284745,317.50632356715255
2018-04-25,342.84,332.038,6.804808361893996,345.647616723788,318.428383276212
2018-04-26,342.79,333.179,6.584408137890089,346.34781627578013,320.0101837242198
2018-04-27,340.88,333.831,6.672932678089401,347.17686535617884,320.4851346438212
2018-04-30,333.59,334.399,6.091646480394523,346.58229296078906,322.21570703921094
2018-05-01,329.47,334.3375,6.136996415185337,346.61149283037065,322.0635071696293
2018-05-02,324.25,334.1795,6.361313564284939,346.9021271285699,321.45687287143016
2018-05-03,330.7,333.895,6.384445324792178,346.66389064958435,321.1261093504156
2018-05-04,334.37,334.3155,6.105160435841635,346.52582087168327,322.1051791283167
2018-05-07,340.45,335.21099999999996,5.57776591760328,346.3665318352065,324.0554681647934
2018-05-08,338.48,335.39949999999993,5.623459765734967,346.64641953146986,324.15258046853
2018-05-09,344.62,336.25849999999997,5.6556867282779315,347.56987345655585,324.9471265434441
2018-05-10,344.04,336.59349999999995,5.915575582619361,348.4246511652387,324.7623488347612
2018-05-11,342.325,337.24375,5.7873566539027195,348.8184633078054,325.66903669219454
2018-05-14,344.61,337.88474999999994,5.861008866586803,349.60676773317357,326.1627322668263
2018-05-15,342.14,338.15574999999995,5.929226290831999,350.01420258166394,326.297297418336
2018-05-16,340.96,338.15374999999995,5.928223057411023,350.010196114822,326.2973038851779
2018-05-17,344.14,338.32824999999997,6.0555657902026265,350.4393815804052,326.2171184195947
2018-05-18,351.35,338.96225,6.720501719013392,352.40325343802675,325.5212465619732
2018-05-21,363.8345,340.235475,8.717779007768458,357.6710330155369,322.7999169844631
2018-05-22,355.12,341.547975,8.890905120099093,359.3297852401982,323.7661647598018
2018-05-23,359.13,342.362475,9.722750728216036,361.8079764564321,322.91697354356796
2018-05-24,359.02,343.17397500000004,10.413112859925786,364.0002007198516,322.3477492801485
2018-05-25,360.06,344.13297500000004,11.054190365833136,366.2413557316663,322.0245942683338
2018-05-29,352.58,345.08247500000004,10.915643705824188,366.9137624116484,323.2511875883517
2018-05-30,358.05,346.511475,10.631236947731672,367.7739488954634,325.24900110453666
2018-05-31,352.16,347.906975,9.304285776026715,366.5155465520534,329.29840344794655
2018-06-01,356.7,349.206975,8.560196266310873,366.32736753262174,332.08658246737826
2018-06-04,360.71,350.523975,8.174917412225643,366.8738098244513,334.1741401755487
2018-06-05,360.28,351.51547500000004,8.090897503196805,367.69727000639364,335.33367999360644
2018-06-06,371.54,353.16847500000006,8.645654943799018,370.4597848875981,335.877165112402
2018-06-07,368.39,354.35697500000003,9.033759467561817,372.4244939351237,336.2894560648764
2018-06-08,369.45,355.62747500000006,9.289619044190342,374.20671308838075,337.04823691161937
2018-06-11,370.94,357.05822500000005,9.33645962212966,375.7311442442594,338.3853057557407
2018-06-12,370.61,358.35822500000006,9.322051917891692,377.00232883578343,339.7141211642167
2018-06-13,364.0,359.451225,8.571735101137845,376.5946952022757,342.30775479772433
2018-06-14,362.46,360.526225,7.398552615341279,375.3233302306826,345.72911976931744
2018-06-15,357.61,361.199725,6.369983015500328,373.9396910310007,348.4597589689993
2018-06-18,354.79,361.37172499999997,6.132024653783183,373.63577430756635,349.1076756924336
2018-06-19,341.1,360.235,7.586232335792981,375.40746467158596,345.06253532841407
2018-06-20,342.64,359.611,8.48869458688868,376.58838917377733,342.63361082622265
2018-06-21,337.51,358.53000000000003,9.824653201325496,378.17930640265104,338.880693597349
2018-06-22,338.98,357.52799999999996,10.75036038563601,379.028720771272,336.02727922872793
2018-06-25,331.21,356.08549999999997,12.226900229024757,380.53930045804947,331.63169954195047
2018-06-26,331.29,355.02099999999996,13.417015473290832,381.8550309465816,328.1869690534183
2018-06-27,330.01,353.61899999999997,14.504759618102831,382.62851923620565,324.6094807637943
2018-06-28,334.67,352.74449999999996,15.111887783080585,382.96827556616114,322.5207244338388
2018-06-29,335.58,351.6885,15.552432970946654,382.7933659418933,320.58363405810667
2018-07-02,335.98,350.452,15.778860141607824,382.00972028321564,318.89427971678435
2018-07-03,333.21,349.0985,16.050141588160493,381.198783176321,316.998216823679
2018-07-05,333.2,347.1815,15.509211956973022,378.19992391394607,316.163076086054
2018-07-06,334.57,345.4905,14.90714645820303,375.3047929164061,315.6762070835939
2018-07-09,341.96,344.116,13.808576816030323,371.73315363206063,316.49884636793934
2018-07-10,347.18,342.928,12.321340750694972,367.5706815013899,318.2853184986101
2018-07-11,340.67,341.43100000000004,10.459139996848883,362.3492799936978,320.5127200063023
2018-07-12,345.97,340.52950000000004,9.100223522413868,358.7299470448278,322.3290529551723
2018-07-13,350.82,339.94750000000005,7.919464279462611,355.78642855892525,324.10857144107484
2018-07-16,356.05,339.8695000000001,7.742042757091412,355.3535855141829,324.38541448581725
2018-07-17,356.89,339.9745000000001,7.9660493246091075,355.9065986492183,324.04240135078186
2018-07-18,360.33,340.93600000000004,9.177463472521882,359.2909269450438,322.5810730549563
2018-07-19,355.48,341.57800000000003,9.735101761963719,361.04820352392744,322.1077964760726
2018-07-20,354.9,342.4475,10.121572519285596,362.6906450385712,322.2043549614288
2018-07-23,353.2,343.1585,10.361773509547351,363.8820470190947,322.4349529809053
2018-07-24,358.2,344.508,10.480602935649069,365.46920587129813,323.54679412870183
2018-07-25,355.93,345.74,10.291559648566334,366.3231192971327,325.15688070286734
2018-07-26,359.42,347.2105,10.023314650301355,367.25712930060274,327.1638706993973
2018-07-27,360.67,348.5105,9.99727303607803,368.50504607215606,328.5159539278439
2018-07-30,350.98,349.2805,9.531130421165214,368.34276084233045,330.2182391576696
2018-07-31,356.42,350.30250000000007,9.116745653783871,368.5359913075678,332.0690086924323
2018-08-01,352.745,351.27925000000005,8.188301712455873,367.6558534249118,334.9026465750883
2018-08-02,349.85,352.1117500000001,7.015920856204364,366.1435917124088,338.07990828759137
2018-08-03,348.5,352.8082500000001,5.762260447126917,364.33277089425394,341.28372910574626
2018-08-06,346.56,353.0382500000001,5.385982604726641,363.8102152094534,342.2662847905468
2018-08-07,350.87,353.2227500000001,5.2358519829001064,363.6944539658003,342.7510460341999
2018-08-08,347.78,353.5782500000001,4.532880829937828,362.64401165987573,344.51248834012443
2018-08-09,343.72,353.46575000000007,4.754165285913637,362.97408057182736,343.9574194281728
2018-08-10,339.42,352.8957500000001,5.6811079523088095,364.2579659046177,341.53353409538244
2018-08-13,338.34,352.0102500000001,6.486679159104075,364.98360831820827,339.03689168179193
2018-08-14,339.13,351.12225000000007,6.980352591569367,365.0829551831388,337.16154481686135
2018-08-15,331.76,349.6937500000001,7.864252712348605,365.4222554246973,333.96524457530285
2018-08-16,345.97,349.21825000000007,7.78306719322202,364.7843843864441,333.652115613556
2018-08-17,346.37,348.7917500000001,7.688469712053005,364.1686894241061,333.4148105758941
2018-08-20,350.72,348.6677500000001,7.63343312343788,363.93461624687586,333.4008837531244
2018-08-21,353.76,348.44575000000015,7.402696037148878,363.2511420742979,333.6403579257024
2018-08-22,350.05,348.1517500000001,7.203906702360505,362.55956340472113,333.7439365952791
2018-08-23,347.42,347.55175000000014,6.697961841407162,360.94767368281447,334.1558263171858
2018-08-24,349.42,346.98925000000014,5.971268549655466,358.93178709931107,335.0467129006892
2018-08-27,353.78,347.1292500000001,6.101169489920436,359.331588979841,334.92691102015925
2018-08-28,351.2,346.8682500000001,5.786334462607318,358.44091892521476,335.29558107478545
2018-08-29,350.19,346.7405000000001,5.6769297437777695,358.09435948755566,335.38664051244456
2018-08-30,346.93,346.5945000000001,5.630105612732821,357.85471122546573,335.33428877453446
2018-08-31,342.69,346.3040000000001,5.676313110313346,357.6566262206268,334.9513737793734
2018-09-04,346.13,346.2825000000001,5.676106778232253,357.6347135564646,334.9302864435356
2018-09-05,346.68,346.0730000000001,5.574285982125941,357.22157196425195,334.92442803574824
2018-09-06,351.29,346.2485000000001,5.685011942773128,357.6185238855463,334.87847611445386
2018-09-07,349.34,346.5295000000001,5.692343403296393,357.9141868065929,335.1448131934073
2018-09-10,341.93,346.6550000000001,5.553320959949086,357.76164191989824,335.54835808010193
2018-09-11,345.31,347.00350000000014,5.212277282885416,357.428054565771,336.5789454342293
2018-09-12,353.45,347.7195000000001,5.05496678629298,357.8294335725861,337.6095664274141
2018-09-13,355.41,348.9020000000001,3.713227564716023,356.32845512943214,341.47554487056806
2018-09-14,359.87,349.5970000000001,4.377051519002069,358.3511030380042,340.84289696199596
2018-09-17,355.96,350.07650000000007,4.527627791796802,359.13175558359364,341.0212444164065
2018-09-18,363.57,350.71900000000005,5.44297316198631,361.6049463239727,339.8330536760274
2018-09-19,365.22,351.29200000000003,6.313552340631431,363.91910468126287,338.6648953187372
2018-09-20,367.46,352.1625,7.262246190872341,366.6869923817447,337.63800761825536
2018-09-21,372.23,353.4030000000001,8.433955867737572,370.27091173547524,336.5350882645249
2018-09-24,368.0,354.33200000000005,8.977890738099937,372.28778147619994,336.37621852380016
2018-09-25,367.23,355.00450000000006,9.426883435992348,373.85826687198477,336.15073312801536
2018-09-26,365.03,355.696,9.637999027970238,374.9719980559405,336.42000194405955
2018-09-27,367.39,356.5560000000001,9.885052724614988,376.32610544923006,336.78589455077014
2018-09-28,371.93,357.8060000000001,10.180014166053484,378.1660283321071,337.4459716678931
2018-10-01,382.84,359.8135000000001,10.970361158474452,381.754222316949,337.8727776830512
2018-10-02,386.37,361.8255000000001,11.972939433748355,385.7713788674968,337.87962113250336
2018-10-03,392.45,364.1140000000001,13.233536902406847,390.5810738048138,337.6469261951864
2018-10-04,389.94,366.04650000000004,14.058598520777814,394.1636970415557,337.9293029584444
2018-10-05,386.43,367.90100000000007,14.184565703979835,396.27013140795975,339.5318685920404
2018-10-08,385.99,370.10400000000004,13.3347410923495,396.77348218469905,343.43451781530104
2018-10-09,385.44,372.1105,12.393590650433811,396.89768130086765,347.32331869913236
2018-10-10,367.78,372.827,11.649920306932952,396.1268406138659,349.5271593861341
2018-10-11,358.09,372.961,11.452787249812499,395.866574499625,350.055425500375
2018-10-12,359.79,372.957,11.457613005747216,395.87222601149443,350.04177398850555
2018-10-15,358.71,373.09450000000004,11.257656797883891,395.60981359576783,350.57918640423225
2018-10-16,368.1,373.321,11.100414359264361,395.52182871852875,351.1201712814713
2018-10-17,365.46,373.333,11.091321927762136,395.5156438555243,351.1503561444758
2018-10-18,359.5,372.93500000000006,11.45017283252663,395.8353456650533,350.0346543349468
2018-10-19,356.26,372.13650000000007,12.043406702424113,396.2233134048483,348.04968659515185
2018-10-22,355.98,371.53550000000007,12.54995721317908,396.63541442635824,346.4355855736419
2018-10-23,349.74,370.66100000000006,13.443328574348275,397.5476571486966,343.7743428513035
2018-10-24,354.62,370.1405000000001,13.867655846761,397.8758116935221,342.40518830647807
2018-10-25,364.07,369.97450000000003,13.922076930279678,397.8186538605594,342.1303461394407
2018-10-26,359.1,369.333,14.121392170820101,397.5757843416402,341.09021565835985
2018-10-29,336.0,366.99100000000004,15.572937356026667,398.1368747120534,335.8451252879467
2018-10-30,349.91,365.168,15.316931670196466,395.8018633403929,334.5341366596071
2018-10-31,354.83,363.28700000000003,14.047593950191892,391.3821879003838,335.19181209961624
2018-11-01,363.2,361.95000000000005,12.572394152938266,387.0947883058766,336.8052116941235
2018-11-02,357.46,360.5015,11.197188216126523,382.8958764322531,338.10712356774695
2018-11-05,362.1,359.3070000000001,9.477170408268638,378.26134081653737,340.3526591834628
2018-11-06,366.78,358.3740000000001,7.476351066071752,373.32670213214357,343.4212978678566
2018-11-07,371.98,358.58400000000006,7.806168545990755,374.19633709198155,342.9716629080186
2018-11-08,370.7,359.21450000000004,8.260215031608764,375.7349300632176,342.6940699367825
2018-11-09,369.42,359.696,8.570377624794212,376.83675524958846,342.5552447504116
2018-11-12,356.99,359.61,8.589401057484165,376.78880211496835,342.4311978850317
2018-11-13,349.52,358.68100000000004,8.627512845237094,375.93602569047425,341.4259743095258
2018-11-14,344.66,357.641,9.012410098828601,375.66582019765724,339.6161798023428
2018-11-15,341.54,356.74300000000005,9.686956558610907,376.1169131172219,337.3690868827782
2018-11-16,336.04,355.732,10.73813646480783,377.2082729296157,334.25572707038435
2018-11-19,320.86,353.976,13.268815994455945,380.51363198891187,327.43836801108813
2018-11-20,317.77,352.37750000000005,15.537721120922843,383.45294224184573,321.3020577581544
2018-11-21,317.33,350.51300000000003,17.382335286145885,385.2776705722918,315.74832942770826
2018-11-23,312.22,347.92050000000006,19.04137668480467,386.0032533696094,309.8377466303907
2018-11-26,316.21,345.77600000000007,20.10171959127643,385.97943918255294,305.5725608174472
2018-11-27,318.11,344.8815000000001,20.9401883254486,386.76187665089725,303.0011233491029
2018-11-28,333.55,344.0635000000001,21.05265685820828,386.16881371641665,301.95818628358353
2018-11-29,342.4,343.44200000000006,20.9010164950489,385.2440329900979,301.63996700990225
2018-11-30,346.72,342.61800000000005,20.399928431246767,383.4178568624936,301.8181431375065
2018-12-03,360.0,342.74500000000006,20.50482728786696,383.754654575734,301.73534542426614
2018-12-04,342.63,341.77150000000006,19.99335949627672,381.7582189925535,301.7847810074466
2018-12-06,331.82,340.02350000000007,19.204510510485765,378.4325210209716,301.61447897902855
2018-12-07,323.2,337.58450000000005,17.99164878638477,373.56779757276956,301.60120242723053
2018-12-10,326.28,335.36350000000004,16.355890062507463,368.07528012501496,302.65171987498513
2018-12-11,322.13,332.999,14.484566704999034,361.9681334099981,304.029866590002
2018-12-12,326.9,331.4945,13.382254736855534,358.2590094737111,304.72999052628893
2018-12-13,325.3,330.2835,12.745965006516974,355.77543001303394,304.79156998696607
2018-12-14,318.76,328.98850000000004,12.522190103970884,354.0328802079418,303.9441197920583
2018-12-17,316.12,327.71750000000003,12.47112238016445,352.6597447603289,302.77525523967114
2018-12-18,328.23,327.327,12.318146263476775,351.9632925269535,302.6907074730465
2018-12-19,319.64,327.266,12.35482279580631,351.97564559161265,302.5563544083874
2018-12-20,312.96,327.0255,12.59390432124277,352.2133086424856,301.8376913575145
2018-12-21,304.21,326.3695,13.438866836236262,353.24723367247253,299.4917663275275
2018-12-24,294.76,325.4965,14.89466392440722,355.28582784881445,295.7071721511856
2018-12-26,313.96,325.384,14.97676776315785,355.3375355263157,295.4304644736843
2018-12-27,316.88,325.32250000000005,15.010696493184836,355.3438929863697,295.30110701363037
2018-12-28,316.47,324.46850000000006,15.003837851134714,354.4761757022695,294.46082429773065
2018-12-31,320.26,323.3615000000001,14.416459261259803,352.1944185225197,294.5285814774805
2019-01-02,322.85,322.16800000000006,13.327859464097042,348.8237189281941,295.512281071806
2019-01-03,311.6971,319.75285500000007,10.096184624295066,339.9452242485902,299.56048575140994
2019-01-04,326.7,318.9563550000001,8.732687386116687,336.42172977223345,301.4909802277667
2019-01-07,328.14,318.7723550000001,8.482569135056304,335.73749327011274,301.8072167298875
2019-01-08,340.5447,319.6395900000001,9.750882926656033,339.1413558533122,300.13782414668805
2019-01-09,344.06,320.5285900000002,11.104692224787104,342.7379744495744,298.319205550426
2019-01-10,352.75,322.0595900000002,13.242167748954776,348.54392549790975,295.5752545020906
2019-01-11,352.65,323.34709000000015,14.887182083109913,353.12145416621996,293.57272583378034
2019-01-14,350.42,324.6030900000002,16.0730462437777,356.7491824875556,292.4569975124448
2019-01-15,351.82,326.25609000000014,17.10722193562171,360.47053387124356,292.0416461287567
2019-01-16,351.9049,328.04533500000014,17.84668181640677,363.7386986328137,292.3519713671866
2019-01-17,358.97,329.58233500000017,19.14024474554132,367.8628244910828,291.30184550891755
2019-01-18,364.22,331.81133500000016,20.471005684375857,372.75334636875186,290.86932363124845
2019-01-22,356.5377,333.99022000000014,20.677026278650075,375.3442725573003,292.63616744269996
2019-01-23,358.45,336.7022200000001,20.11489282417349,376.9320056483471,296.47243435165313
2019-01-24,358.78,339.9032200000001,18.08011394414454,376.06344788828915,303.74299211171103
2019-01-25,363.92,342.4012200000001,17.75546596645331,377.9121519329067,306.8902880670935
2019-01-28,362.8,344.69722000000013,17.243183393402557,379.1835867868052,310.21085321319504
2019-01-29,364.78,347.1127200000001,16.446195202013282,380.00511040402665,314.2203295959735
2019-01-30,387.705,350.4849700000001,17.529362763182572,385.54369552636524,315.42624447363494
2019-01-31,385.11,353.59797000000003,17.888070671145165,389.37411134229035,317.8218286577097
2019-02-01,387.57,357.391615,16.52790215335284,390.4474193067057,324.3358106932943
2019-02-04,396.27,360.87011500000006,17.041456859709257,394.95302871941857,326.78720128058154
2019-02-05,409.85,364.955615,18.512806787429632,401.9812285748593,327.93000142514074
2019-02-06,410.7,368.46338000000003,20.212455734823543,408.88829146964713,328.03846853035293
2019-02-07,405.21,371.52088,20.938691170592886,413.3982623411857,329.6434976588142
2019-02-08,403.9744,374.08209999999997,21.64283646827796,417.36777293655587,330.79642706344407
2019-02-11,404.18,376.65860000000004,22.021062485074825,420.7007249701497,332.6164750298504
2019-02-12,410.685,379.67185000000006,22.36227429612772,424.3963985922555,334.94730140774465
2019-02-13,410.8777,382.62473500000004,22.390133931036562,427.40500286207316,337.8444671379269
2019-02-14,410.28,385.54349,21.97578410832424,429.4950582166485,341.59192178335155
2019-02-15,417.7753,388.48375500000003,22.166359879721675,432.8164747594434,344.15103524055667
2019-02-19,416.16,391.080755,22.216588452194397,435.5139319043888,346.6475780956112
2019-02-20,421.65,394.33637000000004,21.65183200854872,437.6400340170975,351.0327059829026
2019-02-21,417.66,397.29687000000007,20.504304704393814,438.3054794087877,356.28826059121246
2019-02-22,424.02,400.55887000000007,19.202339823439154,438.9635496468784,362.15419035312175
2019-02-25,426.88,403.7068700000001,18.00301765465405,439.7129053093082,367.700834690692
2019-02-26,426.77,406.90537000000006,15.914230897304883,438.73383179460984,375.0769082053903
2019-02-27,435.46,410.43937000000005,13.770733903925874,437.9808378078518,382.8979021921483
2019-02-28,439.82,413.04512000000005,14.167420579127713,441.37996115825547,384.71027884174464
2019-03-01,440.91,415.83512,13.867794799561109,443.5707095991222,388.0995304008778
2019-03-04,432.79,418.09612000000004,12.649750250607102,443.39562050121424,392.79661949878584
2019-03-05,430.26,419.79562000000004,11.819078920501816,443.4337778410037,396.1574621589964
2019-03-06,424.51,420.52862000000005,11.622768366787573,443.7741567335752,397.2830832664249
2019-03-07,422.38,421.11262,11.394114044799297,443.9008480895986,398.3243919104014
2019-03-08,422.42,421.97312,10.7622575822126,443.4976351644252,400.44860483557477
2019-03-11,399.7816,421.7634800000001,11.164625142155016,444.0927302843101,399.43422971569004
2019-03-12,375.4748,420.32822000000004,14.797922931440066,449.9240658628802,390.7323741371199
2019-03-13,377.34,418.6609700000001,17.561909820257014,453.7847896405141,383.5371503594861
2019-03-14,373.315,416.78283500000015,20.242117030880586,457.26706906176133,376.29860093823896
2019-03-15,378.89,415.2133350000001,21.920233638119843,459.05380227623976,371.3728677237604
2019-03-18,372.19,412.93407000000013,23.918698832879635,460.7714676657594,365.09667233424085
2019-03-19,373.96,410.8240700000001,25.43258211873931,461.68923423747873,359.9589057625215
2019-03-20,376.41,408.5620700000001,26.412021789231495,461.3861135784631,355.73802642153714
2019-03-21,372.74,406.31607000000014,27.485748511682747,461.2875670233656,351.34457297663465
2019-03-22,362.45,403.2375700000001,28.814397688164163,460.8663653763284,345.6087746236718
2019-03-25,370.54,400.42057000000017,29.133610158157015,458.6877903163142,342.15334968368614
2019-03-26,370.43,397.6035700000001,29.175521123476386,455.9546122469529,339.25252775304733
2019-03-27,374.0801,394.5345750000001,28.19563176880364,450.9258385376074,338.1433114623928
2019-03-28,374.28,391.2575750000001,26.407318440356452,444.072211880713,338.4429381192872
2019-03-29,381.42,388.2830750000001,23.735432591156563,435.7539401823132,340.812209817687
2019-04-01,391.54,386.2205750000001,21.335302482033473,428.8911799640671,343.54997003593314
2019-04-02,390.5805,384.23660000000007,18.707615060323924,421.6518301206479,346.82136987935223
2019-04-03,384.81,382.2516000000001,16.13936003371541,414.5303200674309,349.9728799325693
2019-04-04,395.94,380.92960000000005,13.555402946232633,408.0404058924653,353.8187941075348
2019-04-05,391.85,379.4011000000001,9.847002297413082,399.09510459482624,359.70709540517396
2019-04-08,374.53,378.1385200000001,8.641351930328078,395.42122386065626,360.8558161393439
2019-04-09,369.17,377.82328000000007,8.855975449533052,395.53523089906616,360.111329100934
2019-04-10,365.0,377.20628000000005,9.309663605466238,395.8256072109325,358.5869527890676
2019-04-11,370.05,377.0430300000001,9.409581244225455,395.862192488451,358.2238675115492
2019-04-12,379.63,377.0800300000001,9.418676575495345,395.91738315099076,358.2426768490094
2019-04-15,375.22,377.23153000000013,9.360066839172932,395.951663678346,358.5113963216543
2019-04-16,381.73,377.6200300000001,9.378364946266688,396.37675989253347,358.8633001074667
2019-04-17,377.54,377.67653000000007,9.374094312580457,396.424718625161,358.92834137483914
2019-04-18,380.13,378.0460300000001,9.314727504113588,396.67548500822727,359.4165749917729
2019-04-22,375.17,378.6820300000001,8.600686318519841,395.8834026370398,361.4806573629604
2019-04-23,373.95,378.8525300000001,8.463489227704443,395.779508455409,361.92555154459126
2019-04-24,375.46,379.1040300000001,8.272616691107807,395.6492633822157,362.5587966177845
2019-04-25,382.8931,379.5446800000001,8.22551000438307,395.9957000087662,363.09365999123395
2019-04-26,380.78,379.86968000000013,8.134455443268575,396.13859088653726,363.600769113463
2019-04-29,379.07,379.75218000000007,8.127852739069244,396.0078854781386,363.49647452186156
2019-04-30,377.54,379.0521800000001,7.6479059838278,394.3479919676557,363.7563680323445
2019-05-01,376.7,378.35815500000007,7.160990917645457,392.68013683529097,364.03617316470917
2019-05-02,375.74,377.90465500000005,7.016638924837738,391.9379328496755,363.8713771503246
2019-05-03,376.59,376.9371550000001,5.587414135590879,388.1119832711818,365.7623267288183
2019-05-06,371.77,375.93315500000006,4.4562845187526365,384.8457240375053,367.0205859624948
2019-05-07,357.42,375.0776550000001,6.084671948210306,387.24699889642073,362.9083111035795
2019-05-08,359.94,374.61615500000005,6.8573049329640545,388.33076486592813,360.90154513407197
2019-05-09,354.05,374.0686550000001,8.006349971410547,390.0813549428212,358.055955057179
2019-05-10,354.83,373.30765500000007,9.06213927232535,391.43193354465075,355.1833764553494
2019-05-13,337.31,371.1916550000001,11.979445103635685,395.1505452072715,347.2327647927287
2019-05-14,343.2,369.5906550000001,13.460812834277194,396.51228066855447,342.6690293314457
2019-05-15,345.81,367.79465500000003,14.135285628580219,396.0652262571605,339.5240837428396
2019-05-16,353.96,366.61565500000006,14.262473407013134,395.14060181402635,338.09070818597377
2019-05-17,354.93,365.35565500000007,14.118129103035121,393.59191320607033,337.1193967939298
2019-05-20,352.62,364.2281550000001,14.193327256383869,392.6148095127678,335.84150048723234
2019-05-21,358.75,363.4681550000001,14.051604413973841,391.5713638279478,335.3649461720524
2019-05-22,352.74,362.33215500000006,13.949124078762214,390.2304031575245,334.4339068424756
2019-05-23,350.52,360.71350000000007,13.300884131673492,387.31526826334704,334.1117317366531
2019-05-24,355.16,359.43250000000006,12.474636530935095,384.38177306187026,334.48322693812986
2019-05-28,355.0,358.2290000000001,11.611613922910529,381.45222784582114,335.00577215417906
2019-05-29,348.92,356.7980000000001,10.844716200697771,378.48743240139567,335.10856759860457
2019-05-30,349.84,355.4550000000001,9.86967897947482,375.19435795894975,335.71564204105044
2019-05-31,341.63,353.7495000000001,9.096776453343095,371.9430529066863,335.55594709331393
2019-06-03,338.55,351.84750000000014,7.977797397514001,367.80309479502813,335.89190520497215
2019-06-04,344.62,350.4900000000001,6.6003763848014,363.6907527696029,337.28924723039734
2019-06-05,348.75,350.05650000000014,6.403036512385247,362.86257302477065,337.25042697522963
2019-06-06,350.79,349.59900000000016,5.972070874186524,361.5431417483732,337.6548582516271
2019-06-07,353.6,349.5765000000002,5.955242957613208,361.48698591522657,337.6660140847738
2019-06-10,353.75,349.52250000000015,5.90982222103184,361.34214444206384,337.70285555793646
2019-06-11,349.33,350.12350000000015,5.167010002739711,360.4575200054796,339.7894799945207
2019-06-12,347.15,350.32100000000014,4.959778114730498,360.24055622946116,340.4014437705391
2019-06-13,348.86,350.4735000000001,4.859655906163213,360.19281181232657,340.75418818767366
2019-06-14,347.19,350.1350000000001,4.839763478343437,359.81452695668696,340.45547304331325
2019-06-17,354.95,350.1360000000001,4.84080832745411,359.8176166549083,340.45438334509186
2019-06-18,374.11,351.2105,7.221045612432697,365.65259122486543,336.7684087751346
2019-06-19,368.56,351.7010000000001,8.046168686170287,367.79333737234066,335.6086626276595
2019-06-20,374.88,352.8080000000001,9.574509249481808,371.95701849896375,333.65898150103646
2019-06-21,371.95,353.8795000000001,10.462897593526542,374.8052951870532,332.953704812947
2019-06-24,374.11,354.8270000000001,11.400947836865999,377.62889567373213,332.0251043262681
2019-06-25,369.31,355.54250000000013,11.852468485953407,379.24743697190695,331.8375630280933
2019-06-26,375.16,356.8545000000001,12.514625328201229,381.8837506564025,331.82524934359765
2019-06-27,363.95,357.56000000000006,12.496082333443676,382.5521646668874,332.5678353331127
2019-06-28,364.06,358.6815000000001,11.987316224374435,382.65613244874896,334.7068675512512
2019-07-01,356.34,359.5710000000001,11.037258383836617,381.6455167676733,337.49648323232685
2019-07-02,354.25,360.0525000000001,10.549991706157536,381.1524834123152,338.95251658768507
2019-07-03,354.47,360.3385000000001,10.302084753250222,380.9426695065006,339.73433049349967
2019-07-05,355.96,360.5970000000001,10.113011472979968,380.82302294596,340.37097705404017
2019-07-08,351.14,360.4740000000001,10.217016971184231,380.90803394236855,340.03996605763166
2019-07-09,353.22,360.4475000000001,10.236044607685098,380.9195892153703,339.9754107846299
2019-07-10,352.19,360.59050000000013,10.091513096604505,380.77352619320914,340.40747380679113
2019-07-11,359.01,361.18350000000015,9.596468799566091,380.3764375991323,341.990562400868
2019-07-12,365.32,362.00650000000013,9.180779278355812,380.36805855671173,343.64494144328853
2019-07-15,361.64,362.72900000000016,8.496479085015038,379.72195817003023,345.7360418299701
2019-07-16,362.72,363.1175000000002,8.29737299898005,379.7122459979603,346.5227540020401
2019-07-17,369.35,362.87950000000023,8.029412035234689,378.9383240704696,346.82067592953086
2019-07-18,361.17,362.5100000000002,7.923587039904344,378.3571740798089,346.66282592019155
2019-07-19,377.32,362.6320000000002,8.139904693609461,378.9118093872191,346.35219061278127
2019-07-22,373.39,362.70400000000024,8.232505150476632,379.1690103009535,346.23898969904695
2019-07-23,372.99,362.64800000000025,8.154272112469831,378.95654422493993,346.33945577506057
2019-07-24,361.36,362.2505000000002,8.00482583064367,378.2601516612876,346.24084833871285
2019-07-25,348.11,360.8980000000002,7.994013944656428,376.886027889313,344.90997211068736
2019-07-26,345.0,359.9505000000002,8.704679609569574,377.35985921913937,342.54114078086104
2019-07-29,340.21,358.75800000000015,9.689972353444551,378.13794470688924,339.37805529311106
2019-07-30,347.41,358.31150000000014,10.007783431435742,378.3270668628716,338.29593313712866
2019-07-31,341.2,357.65900000000016,10.688782560777094,379.03656512155436,336.28143487844596
2019-08-01,334.14,356.64250000000015,11.9054599924393,380.45341998487874,332.8315800151216
2019-08-02,339.5,355.8195000000002,12.508760077809653,380.8370201556195,330.80197984438087
2019-08-05,331.06,354.81550000000016,13.657246572694023,382.1299931453882,327.5010068546121
2019-08-06,332.44,353.7765000000001,14.54650302523436,382.86950605046883,324.6834939495314
2019-08-07,331.48,352.7410000000001,15.378703627521816,383.49840725504373,321.98359274495647
2019-08-08,336.42,351.6115000000001,15.719825322117597,383.0511506442353,320.1718493557649
2019-08-09,337.555,350.2232500000001,15.671399886669022,381.56604977333814,318.8804502266621
2019-08-12,332.88,348.78525000000013,15.886690844440748,380.55863168888163,317.01186831111863
2019-08-13,332.97,347.2977500000001,15.906046059596198,379.10984211919254,315.4856578808077
2019-08-14,320.46,344.8532500000001,16.094286684459657,377.04182336891944,312.6646766310808
2019-08-15,328.0,343.1947500000001,16.033318062462996,375.2613861249261,311.1281138750741
2019-08-16,330.55,340.85625000000016,14.086693691023962,369.02963738204807,312.68286261795225
2019-08-19,333.76,338.8747500000001,11.884640405405095,362.6440308108103,315.10546918918993
2019-08-20,331.83,336.8167500000001,8.839861316338835,354.4964726326778,319.13702736732245
2019-08-21,340.05,335.75125000000014,6.767168395429808,349.2855867908598,322.2169132091405
2019-08-22,354.56,336.0737500000002,7.50104218636168,351.07583437272353,321.07166562727684
2019-08-23,356.24,336.6357500000002,8.55240767500429,353.74056535000875,319.53093464999165
2019-08-26,358.87,337.5687500000002,9.877957102212793,357.3246642044258,317.8128357955746
2019-08-27,354.65,337.93075000000016,10.377619425196157,358.68598885039245,317.17551114960787
2019-08-28,359.89,338.8652500000002,11.471382181094596,361.80801436218934,315.922485637811
2019-08-29,362.73,340.29475000000014,12.579407721288725,365.4535654425776,315.1359345574227
2019-08-30,363.97,341.5182500000002,13.643072781972812,368.80439556394583,314.23210443605456
2019-09-03,354.41,342.68575000000016,13.699973806640218,370.0856976132806,315.2858023867197
2019-09-04,356.59,343.8932500000002,13.813204997488002,371.5196599949762,316.26684000502416
2019-09-05,360.24,345.3312500000002,13.949266333753735,373.22978266750766,317.4327173324927
2019-09-06,362.86,346.6532500000002,14.308539249711034,375.27032849942225,318.0361715005781
2019-09-09,359.11,347.7310000000001,14.398671685811292,376.52834337162267,318.93365662837755
2019-09-10,369.43,349.55850000000015,14.730227523522183,379.0189550470445,320.0980449529558
2019-09-11,382.91,352.0555000000001,15.95232452125934,383.96014904251876,320.15085095748145
2019-09-12,375.66,354.8155000000001,14.94129088870988,384.6980817774199,324.9329182225803
2019-09-13,379.77,357.4040000000001,14.529915926876402,386.46383185375294,328.3441681462473
2019-09-16,378.82,359.81750000000005,13.826478744556574,387.4704574891132,332.1645425108869
2019-09-17,384.36,362.3475,13.431271004244657,389.2100420084893,335.4849579915107
2019-09-18,386.28,365.07000000000005,12.398617070590825,389.8672341411817,340.2727658588184
2019-09-19,384.61,367.298,11.646820031325827,390.59164006265166,344.00435993734834
2019-09-20,379.09,368.5245,11.525780016987424,391.57606003397484,345.47293996602514
2019-09-23,377.15,369.57,11.298945921959028,392.167891843918,346.97210815608196
2019-09-24,381.77,370.71500000000003,11.317864081548544,393.35072816309713,348.07927183690293
2019-09-25,386.2,372.2925,11.158470407815326,394.60944081563065,349.9755591843694
2019-09-26,387.04,373.65,11.22152161555667,396.0930432311133,351.20695676888664
2019-09-27,382.86,374.65649999999994,11.092541958687706,396.8415839173754,352.4714160826245
2019-09-30,380.39,375.47749999999996,10.865290402299406,397.20808080459875,353.7469191954012
2019-10-01,374.86,376.49999999999994,9.675437702596483,395.85087540519294,357.14912459480695
2019-10-02,367.56,377.0485,8.754446253790668,394.5573925075813,359.53960749241867
2019-10-03,372.225,377.64775,7.913096152813205,393.4739423056264,361.82155769437355
2019-10-04,375.63,378.28625,7.133925042579344,392.55410008515867,364.0183999148413
2019-10-07,376.41,379.15125,5.5620523178791395,390.2753546357583,368.02714536424173
2019-10-08,374.0421,379.381855,5.22307246031928,389.82799992063855,368.9357100793614
2019-10-09,374.93,378.98285500000003,5.244126631360634,389.4711082627213,368.49460173727874
2019-10-10,371.04,378.75185500000003,5.494000453074016,389.7398559061481,367.763854093852
2019-10-11,374.85,378.50585500000005,5.555813985505229,389.61748297101053,367.3942270289896
2019-10-14,373.14,378.2218550000001,5.682637011056607,389.58712902211334,366.8565809778869
2019-10-15,370.88,377.54785500000014,5.715608340736254,388.97907168147265,366.11663831852763
2019-10-16,372.34,376.85085500000014,5.437930202167148,387.7267154043344,365.97499459566586
2019-10-17,369.12,376.07635500000015,5.377415715110344,386.83118643022084,365.32152356977946
2019-10-18,344.06,374.3248550000002,8.89714703530595,392.1191490706121,356.5305609293883
2019-10-21,331.05,372.0198550000002,13.103829116931797,398.22751323386376,345.8121967661366
2019-10-22,337.1,369.7863550000002,15.02113758690393,399.82863017380805,339.7440798261923
2019-10-23,340.6,367.5063550000002,15.837205511222585,399.18076602244537,335.83194397755506
2019-10-24,344.55,365.3818550000002,15.928599622244032,397.2390542444883,333.52465575551213
2019-10-25,339.91,363.2343550000002,16.338169954997568,395.91069490999536,330.5580150900051
2019-10-28,340.88,361.2588550000002,16.54201855433824,394.34289210867666,328.17481789132376
2019-10-29,348.85,359.95835500000027,16.43854858378759,392.83545216757545,327.0812578324251
2019-10-30,346.07,358.8838550000002,16.61689391488035,392.11764282976094,325.6500671702395
2019-10-31,339.94,357.2696050000002,16.819583722380827,390.90877244476184,323.63043755523853
2019-11-01,345.09,355.7426050000002,16.447162015134214,388.6369290302686,322.8482809697318
2019-11-04,351.07,354.4756050000002,15.731731042185196,385.9390670843706,323.0121429156298
2019-11-05,358.27,353.68700000000024,15.081134293511983,383.8492685870242,323.5247314129763
2019-11-06,354.05,352.6430000000002,14.23198699002381,381.1069739800478,324.1790260199526
2019-11-07,357.54,351.9680000000002,13.620530401605123,379.20906080321043,324.72693919678994
2019-11-08,350.69,350.76000000000016,12.510459203150045,375.78091840630026,325.73908159370006
2019-11-11,366.96,350.45100000000014,11.99426656892006,374.4395331378403,326.46246686216
2019-11-12,362.88,350.05100000000016,11.395572039404643,372.84214407880944,327.2598559211909
2019-11-13,362.49,349.55850000000015,10.564090752215764,370.6866815044317,328.4303184955686
2019-11-14,367.46,349.4755000000001,10.407674028533393,370.2908480570669,328.66015194293334
2019-11-15,371.5,350.84750000000014,11.416002561040429,373.67950512208097,328.0154948779193
2019-11-18,369.37,352.76350000000014,11.130560242673592,375.0246204853473,330.50237951465294
2019-11-19,366.89,354.2530000000001,10.915316664885758,376.0836333297716,332.4223666702286
2019-11-20,370.8,355.7630000000001,11.015623880365535,377.79424776073114,333.73175223926904
2019-11-21,366.44,356.8575000000001,10.930025701804183,378.71755140360847,334.9974485963917
2019-11-22,371.16,358.4200000000001,10.608733740599853,379.6374674811998,337.20253251880035
2019-11-25,373.13,360.0325000000001,10.247178751657206,380.5268575033145,339.5381424966857
2019-11-26,373.51,361.2655000000001,10.314215267238742,381.8939305344776,340.6370694655226
2019-11-27,368.08,362.3660000000001,9.767265091539901,381.9005301830799,342.8314698169203
2019-11-29,366.41,363.68950000000007,8.242972429510882,380.1754448590218,347.2035551409783
2019-12-02,355.31,364.2005000000001,7.29108141210114,378.78266282420236,349.6183371757978
2019-12-03,352.24,364.2590000000001,7.184092734719158,378.6271854694385,349.8908145305618
2019-12-04,348.85,363.7880000000001,7.873155322793667,379.5343106455875,348.04168935441277
2019-12-05,345.68,363.36950000000013,8.60634128205187,380.58218256410385,346.1568174358964
2019-12-06,354.06,363.19550000000015,8.764135334297798,380.72377066859576,345.66722933140454
2019-12-09,351.15,363.2185000000001,8.73012707148086,380.67875414296185,345.7582458570384
2019-12-10,347.9,362.2655000000001,9.320550850560705,380.9066017011215,343.6243982988787
2019-12-11,350.01,361.6220000000001,9.711952809214774,381.0459056184297,342.19809438157057
2019-12-12,346.29,360.8120000000001,10.293874826680312,381.39974965336074,340.2242503466395
2019-12-13,341.62,359.5200000000001,11.012110558261007,381.5442211165221,337.49577888347807
2019-12-16,327.0,357.29500000000013,12.812581193580863,382.92016238716184,331.6698376128384
2019-12-17,326.91,355.17200000000014,14.154007280811364,383.48001456162285,326.8639854383774
2019-12-18,330.73,353.3640000000001,14.869794675253907,383.1035893505079,323.6244106494923
2019-12-19,333.5,351.4990000000001,14.906912878894394,381.31282575778886,321.6851742422113
2019-12-20,328.14,349.5840000000001,15.340297602273472,380.26459520454705,318.9034047954532
2019-12-23,337.54,347.90300000000013,14.679360411995663,377.2617208239915,318.5442791760088
2019-12-24,333.0277,345.8978850000001,13.762366912833382,373.42261882566686,318.3731511743333
2019-12-26,329.92,343.71838500000007,12.558309530735745,368.8350040614716,318.60176593852856
2019-12-27,330.12,341.8203850000001,11.507186167383502,364.8347573347671,318.8060126652331
2019-12-30,326.54,339.82688500000006,10.425806774855014,360.67849854971007,318.97527145029005
2019-12-31,325.63,338.3428850000001,10.216166406409783,358.7752178128196,317.91055218718054
2020-01-02,333.35,337.3983850000001,9.725139845092936,356.84866469018596,317.9481053098142
2020-01-03,332.75,336.59338500000007,9.387831014910182,355.3690470298204,317.8177229701797
2020-01-06,333.7,335.9943850000001,9.156893108834195,354.3081712176685,317.6805987823317
2020-01-07,337.22,335.15238500000004,8.124302540188326,351.4009900803767,318.9037799196234
2020-01-08,331.36,334.1628850000001,7.229172759057614,348.6212305181153,319.70453948188486
2020-01-09,336.25,333.5803850000001,6.496231427064869,346.5728478541298,320.5879221458704
2020-01-10,330.09,332.58438500000005,5.252716844521777,343.0898186890436,322.0789513109565
2020-01-13,330.15,331.77738500000004,4.163039239771986,340.103463479544,323.45130652045606
2020-01-14,332.29,331.31088500000004,3.4665338188375974,338.24395263767525,324.37781736232483
2020-01-15,329.95,331.458385,3.3336674219697695,338.1257198439396,324.79105015606046
2020-01-16,331.92,331.70888500000007,3.1574782445035043,338.02384148900705,325.3939285109931
2020-01-17,324.1,331.37738500000006,3.5847834737940336,338.5469519475881,324.207818052412
2020-01-21,313.4,330.372385,5.344171224830216,341.0607274496604,319.6840425503396
2020-01-22,309.0,329.415385,7.167622645310446,343.7506302906209,315.0801397093791
2020-01-23,317.71,328.42388500000004,7.353719779904398,343.13132455980883,313.71644544019125
2020-01-24,323.04,327.9245,7.36374509622112,342.65199019244227,313.1970098075578
2020-01-27,316.59,327.25800000000004,7.765898870264385,342.7897977405288,311.7262022594713
2020-01-28,316.56,326.58000000000004,8.088123196522256,342.75624639304453,310.40375360695555
2020-01-29,321.83,326.34450000000004,8.157620573492549,342.65974114698514,310.02925885301494
2020-01-30,323.22,326.22400000000005,8.186478839494427,342.59695767898893,309.85104232101116
2020-01-31,318.01,325.45700000000005,8.202292426672454,341.86158485334494,309.05241514665516
2020-02-03,316.13,324.6260000000001,8.266190747478634,341.1583814949574,308.0936185050428
2020-02-04,317.93,323.8375000000001,8.105659410171503,340.0488188203431,307.62618117965707
2020-02-05,329.6,323.4565000000001,7.6072834040471715,338.67106680809445,308.2419331919058
2020-02-06,341.46,323.9615000000001,8.448309251592525,340.85811850318515,307.0648814968151
2020-02-07,336.77,323.98750000000007,8.488821054466534,340.96514210893315,307.009857891067
2020-02-10,344.68,324.7170000000001,9.595605408618672,343.90821081723743,305.52578918276276
2020-02-11,344.48,325.4335000000001,10.513721497969168,346.4609429959384,304.4060570040618
2020-02-12,347.41,326.18950000000007,11.527433399915628,349.2443667998313,303.1346332001688
2020-02-13,343.0,326.8420000000001,12.106303534240928,351.05460706848197,302.6293929315182
2020-02-14,340.5,327.2710000000001,12.443055937053723,352.1571118741075,302.38488812589264
2020-02-18,338.92,328.01200000000006,12.683237010032089,353.37847402006423,302.6455259799359
2020-02-19,338.26,329.2550000000001,12.390649063327642,354.03629812665537,304.47370187334485
2020-02-20,336.29,330.61950000000013,11.51434916002476,353.64819832004963,307.59080167995063
2020-02-21,330.41,331.2545000000001,11.107959912651285,353.4704198253027,309.03858017469753
2020-02-24,317.9,330.99750000000006,11.364516279330736,353.7265325586615,308.2684674413386
2020-02-25,304.08,330.37200000000007,12.487979736320542,355.34795947264115,305.396040527359
2020-02-26,305.51,329.81950000000006,13.34617172588671,356.5118434517735,303.12715654822665
2020-02-27,287.91,328.12350000000004,16.25347162106785,360.63044324213575,295.6165567578643
2020-02-28,275.35,325.7300000000001,20.08633025611974,365.90266051223955,285.5573394877606
2020-03-02,288.99,324.27900000000005,21.65989962070379,367.5987992414076,280.9592007585925
2020-03-03,280.3,322.48750000000007,23.750269333653243,369.98803866730657,274.98696133269357
2020-03-04,283.08,320.745,25.328249986298673,371.4014999725973,270.0885000274027
2020-03-05,260.18,317.274,28.59668372381697,374.46736744763393,260.08063255236607
2020-03-06,262.13,313.3075,30.50355611279339,374.31461222558676,252.30038777441322
2020-03-09,227.17,307.82750000000004,35.50199681189214,378.83149362378435,236.82350637621576
2020-03-10,231.0025,302.14362500000004,38.28239181841748,378.708408636835,225.57884136316508
2020-03-11,189.135,294.376375,44.49557409595153,383.36752319190305,205.38522680809695
2020-03-12,154.825,284.747125,52.52810673241016,389.8033384648203,179.69091153517968
2020-03-13,170.17,276.10562500000003,56.506100100803295,389.1178252016066,163.09342479839344
2020-03-16,129.6,265.560625,63.14526683451424,391.8511586690285,139.27009133097152
2020-03-17,124.03,254.816125,68.09420875597282,391.0045425119456,118.62770748805437
2020-03-18,101.89,242.99762500000003,73.17232171691775,389.34226843383556,96.65298156616453
2020-03-19,97.71,231.06862500000003,76.53296179061748,384.134548581235,78.00270141876507
2020-03-20,95.01,219.29862500000004,78.52628564889935,376.35119629779877,62.24605370220135
2020-03-23,105.49,208.67812500000005,78.85210833410602,366.3823416682121,50.97390833178801
2020-03-24,127.5,199.84912500000004,77.4816753177768,354.81247563555365,44.88577436444643
2020-03-25,158.68,192.50762500000005,73.81253427057034,340.1326935411407,44.88255645885937
2020-03-26,180.4,187.13212500000006,70.33176100526714,327.79564701053437,46.46860298946578
2020-03-27,161.99,181.46412500000008,67.35287436367794,316.16987372735593,46.7583762726442
2020-03-30,152.27,174.6281250000001,62.6383308055221,299.9047866110443,49.35146338895589
2020-03-31,149.12,168.06912500000007,57.66115124311139,283.3914274862228,52.74682251377729
2020-04-01,130.62,160.44612500000008,51.393267993477416,263.2326609869549,57.65958901304525
2020-04-02,123.13,153.5936250000001,46.277540388308196,246.14870577661648,61.038544223383695
2020-04-03,124.64,146.71912500000008,38.93557218151576,224.5902693630316,68.84798063696856
2020-04-06,148.43,142.78212500000006,34.04654806363477,210.8752211272696,74.68902887273052
2020-04-07,141.51,138.30750000000006,26.991733261755087,192.29096652351024,84.32403347648989
2020-04-08,146.81,136.19125000000003,24.32435112322303,184.83995224644607,87.54254775355398
2020-04-09,151.81,136.04050000000004,24.21187322369031,184.46424644738067,87.61675355261941
2020-04-13,147.44,134.90400000000005,23.030156980063506,180.96431396012707,88.84368603987303
2020-04-14,140.99,135.47350000000003,23.032922495511993,181.53934499102402,89.40765500897604
2020-04-15,145.89,136.56650000000002,22.979913030618473,182.52632606123697,90.60667393876307
2020-04-16,134.1248,138.17824000000002,21.502753538594202,181.18374707718843,95.1727329228116
2020-04-17,153.7579,140.98063500000004,19.511101815965507,180.00283863193104,101.95843136806903
2020-04-20,143.58,143.40913500000002,16.235899077898623,175.88093315579727,110.93733684420278
2020-04-21,136.31,144.95013500000002,13.714240115730789,172.3786152314616,117.52165476853844
2020-04-22,135.08,145.329135,13.305255768989763,171.93964653797954,118.71862346202047
2020-04-23,137.61,144.27563500000002,13.023680849224077,170.32299669844818,118.22827330155187
2020-04-24,129.0,141.70563500000003,10.308367251352749,162.32236950270553,121.08890049729453
2020-04-27,128.51,140.03163500000005,9.53003582029629,159.09170664059263,120.97156335940747
2020-04-28,130.91,138.96363500000004,9.27992808271384,157.5234911654277,120.40377883457236
2020-04-29,138.98,138.45663500000006,8.967578376945294,156.39179175389066,120.52147824610947
2020-04-30,140.86,138.96863500000006,8.78710841662968,156.54285183325942,121.3944181667407
2020-05-01,133.34,139.47913500000007,8.08721922309803,155.65357344619613,123.304696553804
2020-05-04,131.39,139.81663500000008,7.558944624839745,154.93452424967955,124.69874575032058
2020-05-05,125.3501,138.66264000000007,7.927539347672375,154.51771869534483,122.80756130465532
2020-05-06,121.85,137.67964000000006,8.733792046953033,155.14722409390612,120.212055906094
2020-05-07,128.57,136.76764000000009,8.682379415771926,154.13239883154392,119.40288116845623
2020-05-08,133.37,135.84564000000006,7.949048990681977,151.743737981364,119.94754201863611
2020-05-11,128.9,134.91864000000007,7.599121723729106,150.1168834474583,119.72039655254186
2020-05-12,125.27,134.1326400000001,7.749585014590615,149.63181002918134,118.63346997081887
2020-05-13,121.5,132.91314000000008,7.721023126465826,148.35518625293173,117.47109374706844
2020-05-14,122.44,132.3289000000001,8.059194089985159,148.4472881799704,116.21051182002978
2020-05-15,120.0,130.6410050000001,6.766331206054386,144.17366741210887,117.10834258789131
2020-05-18,135.42,130.2330050000001,6.164300632250362,142.56160626450082,117.90440373549939
2020-05-19,130.5,129.9425050000001,5.99748656351134,141.93747812702279,117.94753187297742
2020-05-20,133.23,129.8500050000001,5.927943195313824,141.70589139062776,117.99411860937245
2020-05-21,138.9613,129.9175700000001,6.027902548731111,141.9733750974623,117.86176490253787
2020-05-22,137.55,130.3450700000001,6.258188327063917,142.86144665412795,117.82869334587227
2020-05-26,144.79,131.1590700000001,7.019409565824502,145.1978891316491,117.12025086835109
2020-05-27,149.51,132.08907000000013,8.12911174795151,148.34729349590316,115.83084650409711
2020-05-28,149.79,132.62957000000011,8.931204610220878,150.49197922044186,114.76716077955837
2020-05-29,145.845,132.8788200000001,9.237301385523754,151.3534227710476,114.4042172289526
2020-06-01,151.37,133.7803200000001,10.122107141387898,154.0245342827759,113.5361057172243
2020-06-02,153.32,134.87682000000012,10.999337842398042,156.8754956847962,112.87814431520404
2020-06-03,173.07,137.2628150000001,13.674456379469918,164.61172775893994,109.91390224106027
2020-06-04,184.2,140.3803150000001,16.739478600800474,173.85927220160107,106.90135779839916
2020-06-05,205.11,144.2073150000001,21.86263663555327,187.93258827110665,100.48204172889356
2020-06-08,230.54,149.0658150000001,28.969409810319508,207.0046346206391,91.12699537936109
2020-06-09,216.885,153.46506500000012,32.241703248242175,217.94847149648447,88.98165850351577
2020-06-10,203.33,157.36806500000012,33.35447812655864,224.07702125311738,90.65910874688284
2020-06-11,170.0,159.79306500000013,32.357654431457256,224.50837386291465,95.07775613708561
2020-06-12,179.1401,162.62807000000012,31.381900111204732,225.39187022240958,99.86426977759066
2020-06-15,190.99,166.17757000000012,30.302785310232668,226.78314062046545,105.57199937953479
2020-06-16,197.84,169.2985700000001,30.182415318581054,229.6634006371622,108.933739362838
2020-06-17,192.46,172.3965700000001,29.15273429480186,230.70203858960383,114.09110141039639
2020-06-18,192.17,175.3435700000001,27.938869894640195,231.2213097892805,119.46583021071973
2020-06-19,186.82,177.73650500000014,26.679920190157706,231.09634538031554,124.37666461968473
2020-06-22,188.41,180.2795050000001,25.02017713883033,230.31985927766078,130.23915072233945
2020-06-23,187.75,182.4275050000001,23.61779131737512,229.66308763475035,135.19192236524987
2020-06-24,176.79,183.7915050000001,22.37151698819695,228.534538976394,139.04847102360617
2020-06-25,174.875,185.0457550000001,21.027737987578153,227.1012309751564,142.9902790248438
2020-06-26,169.93,186.2500050000001,19.281750340959178,224.81350568191846,147.68650431808175
2020-06-29,194.42,188.4025050000001,17.503985970886003,223.41047694177212,153.3945330582281
2020-06-30,183.07,189.89000500000012,15.517055641777745,220.9241162835556,158.85589371644463
2020-07-01,180.31,190.2520050000001,15.184903076845252,220.6218111536906,159.88219884630962
2020-07-02,180.76,190.0800050000001,15.276269973928265,220.63254494785664,159.52746505214358
2020-07-06,187.85,189.2170050000001,14.864477002520054,218.9459590050402,159.48805099496002
2020-07-07,178.95,186.6375050000001,11.385230334240537,209.40796566848115,163.86704433151903
2020-07-08,179.98,184.79225500000013,8.956498356267158,202.70525171253445,166.8792582874658
2020-07-09,173.26,183.28875500000012,8.1702060271984,199.62916705439693,166.94834294560332
2020-07-10,178.31,183.70425500000013,7.653816560557125,199.0118881211144,168.39662187888587
2020-07-13,175.62,183.52825000000013,7.803310241412772,199.13487048282568,167.92162951717458
2020-07-14,179.95,182.9762500000001,7.636386041601687,198.24902208320347,167.70347791679674
2020-07-15,187.88,182.47825000000012,6.90586731376418,196.28998462752847,168.66651537247176
2020-07-16,179.01,181.80575000000013,6.527179465616768,194.86010893123367,168.7513910687666
2020-07-17,175.65,180.97975000000014,6.18277498484389,193.34529996968791,168.61420003031236
2020-07-20,174.33,180.35525000000013,6.192602011360506,192.74045402272114,167.9700459772791
2020-07-21,178.51,179.86025000000012,5.903805747370521,191.66786149474117,168.05263850525907
2020-07-22,179.8,179.46275000000014,5.604691989992423,190.67213397998498,168.2533660200153
2020-07-23,176.47,179.44675000000012,5.6131739485223004,190.67309789704473,168.22040210295552
2020-07-24,173.79,179.39250000000013,5.664691077195088,190.7218821543903,168.06311784560995
2020-07-27,170.13,179.40250000000015,5.647257252307342,190.69701450461483,168.10798549538546
2020-07-28,171.0,178.23150000000015,4.7216781974266055,187.67485639485335,168.78814360514696
2020-07-29,165.96,177.37600000000015,5.31201062142755,188.00002124285524,166.75197875714505
2020-07-30,161.9,176.45550000000014,6.28315833671764,189.0218166734354,163.88918332656488
2020-07-31,158.01,175.31800000000013,7.419437913172559,190.15687582634524,160.479124173655
2020-08-03,162.24,174.0375000000001,7.35241662742339,188.7423332548469,159.33266674515332
2020-08-04,165.1,173.3450000000001,7.515799848883361,188.37659969776684,158.3134003022334
2020-08-05,174.25,173.05850000000012,7.357101313485919,187.77270262697195,158.3442973730283
2020-08-06,172.24,173.0075000000001,7.35916605330075,187.72583210660162,158.2891678933986
2020-08-07,170.1,172.59700000000012,7.276335182237328,187.1496703644748,158.04432963552546
2020-08-10,179.4,172.78600000000012,7.406909576452138,187.5998191529044,157.97218084709584
2020-08-11,180.165,172.79675000000015,7.418001978654181,187.6327539573085,157.9607460426918
2020-08-12,175.47,172.17625000000012,6.559243151746891,185.2947363034939,159.05776369650636
2020-08-13,174.775,171.96450000000013,6.393279139686383,184.7510582793729,159.17794172062736
2020-08-14,178.08,172.08600000000013,6.489374027070115,185.06474805414035,159.1072519458599
2020-08-17,172.04,171.97150000000013,6.467863492525878,184.9072269850519,159.03577301494838
2020-08-18,170.14,171.5530000000001,6.290893460103277,184.13478692020666,158.97121307979356
2020-08-19,169.27,171.0265000000001,5.998186151272536,183.02287230254518,159.03012769745504
2020-08-20,169.65,170.6855000000001,5.864810065579081,182.41512013115826,158.95587986884195
2020-08-21,167.46,170.3690000000001,5.859254622978652,182.08750924595742,158.6504907540428
2020-08-24,178.27,170.77600000000012,6.11874656067227,183.01349312134465,158.5385068786556
2020-08-25,174.64,170.9580000000001,6.179592773165538,183.3171855463312,158.59881445366904
2020-08-26,171.76,171.2480000000001,6.067780180250758,183.38356036050163,159.11243963949858
2020-08-27,174.13,171.85950000000008,5.679989552441434,183.21947910488296,160.4995208951172
2020-08-28,175.85,172.75150000000008,4.708254257997224,182.16800851599453,163.33499148400563
2020-08-31,171.83,173.23100000000008,4.019325879593488,181.26965175918707,165.1923482408131
2020-09-01,172.11,173.5815000000001,3.5513607844186637,180.68422156883742,166.47877843116277
2020-09-02,174.7,173.6040000000001,3.557239689784823,180.71847937956974,166.48952062043045
2020-09-03,168.77,173.43050000000008,3.708667976234712,180.8478359524695,166.01316404753067
2020-09-04,170.95,173.47300000000007,3.6731935768055712,180.81938715361122,166.12661284638892
2020-09-08,161.19,172.56250000000006,4.325671380813751,181.21384276162755,163.91115723837257
2020-09-09,160.73,171.59075000000007,4.6951336158949895,180.98101723179005,162.2004827682101
2020-09-10,157.7,170.70225000000008,5.529618925439707,181.7614878508795,159.64301214912066
2020-09-11,160.23,169.97500000000008,5.909225169624011,181.7934503392481,158.15654966075206
2020-09-14,165.36,169.33900000000008,5.6706872320967765,180.68037446419365,157.99762553580652
2020-09-15,163.5,168.9120000000001,5.7771287714711885,180.46625754294246,157.35774245705773
2020-09-16,167.5,168.7800000000001,5.777754071031245,180.33550814206257,157.2244918579376
2020-09-17,167.6364,168.69832000000008,5.7820078852330425,180.26233577046617,157.134304229534
2020-09-18,161.07,168.26932000000008,6.0210396012344924,180.31139920246906,156.2272407975311
2020-09-21,156.36,167.7143200000001,6.584758492606232,180.88383698521255,154.54480301478765
2020-09-22,156.8,166.6408200000001,6.523132116242166,179.68708423248444,153.59455576751577
2020-09-23,151.2106,165.4693500000001,7.090140555622048,179.6496311112442,151.28906888875602
2020-09-24,146.0,164.18135000000012,8.148090512090151,180.47753102418042,147.88516897581982
2020-09-25,156.06,163.27785000000011,7.987129926757039,179.25210985351418,147.30359014648604
2020-09-28,166.21,162.79585000000012,7.462124407795964,177.72009881559205,147.87160118440818
2020-09-29,163.6,162.3843500000001,7.158457856825773,176.70126571365165,148.06743428634854
2020-09-30,165.36,162.04685000000012,6.827247880719784,175.70134576143968,148.39235423856056
2020-10-01,168.0147,161.71258500000013,6.3199488912264075,174.35248278245294,149.07268721754733
2020-10-02,168.1,161.67908500000013,6.282234117634149,174.24355323526842,149.11461676473184
2020-10-05,171.16,161.68958500000014,6.298698796144803,174.28698259228975,149.09218740771053
2020-10-06,159.66,161.61308500000013,6.314357528957588,174.2418000579153,148.98436994208495
2020-10-07,164.55,161.80408500000013,6.343944977471634,174.4919749549434,149.11619504505686
2020-10-08,167.92,162.31508500000012,6.4072557647624935,175.12959652952512,149.50057347047513
2020-10-09,167.33,162.67008500000014,6.48190556479124,175.6338961295826,149.70627387041768
2020-10-12,167.36,162.77008500000014,6.540749012583228,175.8515830251666,149.68858697483367
2020-10-13,162.18,162.70408500000013,6.539655791950172,175.78339658390047,149.6247734160998
2020-10-14,163.23,162.49058500000012,6.44384243235175,175.3782698647036,149.60290013529664
2020-10-15,164.23,162.32026500000012,6.3449315663289845,175.01012813265808,149.63040186734216
2020-10-16,167.32,162.63276500000012,6.433408025163649,175.4995810503274,149.76594894967283
2020-10-19,167.11,163.17026500000014,6.329986967004793,175.83023893400974,150.51029106599054
2020-10-20,167.17,163.68876500000013,6.204186718603222,176.09713843720658,151.28039156279368
2020-10-21,163.87,164.32173500000013,5.465980664584207,175.25369632916855,153.38977367083172
2020-10-22,169.09,165.47623500000014,3.46451880600861,172.40527261201737,158.54719738798292
2020-10-23,167.38,166.04223500000015,2.681384561698225,171.4050041233966,160.6794658766037
2020-10-26,160.81,165.77223500000014,2.924459267936358,171.62115353587285,159.92331646412742
2020-10-27,155.24,165.35423500000013,3.7361087791737106,172.82645255834754,157.88201744165272
2020-10-28,148.17,164.49473500000013,5.359373302358164,175.21348160471646,153.7759883952838
2020-10-29,148.22299999999998,163.50515000000013,6.401185739463312,176.30752147892676,150.7027785210735
2020-10-30,144.39,162.3196500000001,7.590494424472662,177.50063884894544,147.13866115105478
2020-11-02,148.59,161.19115000000014,7.879279163366814,176.94970832673377,145.4325916732665
2020-11-03,153.67,160.89165000000014,8.052482567673618,176.99661513534738,144.7866848646529
2020-11-04,151.64,160.2461500000001,8.258594032728839,176.7633380654578,143.72896193454244
2020-11-05,157.09,159.70465000000013,8.082118001948773,175.86888600389767,143.5404139961026
2020-11-06,157.755,159.22590000000014,7.887909261385143,175.00171852277043,143.45008147722984
2020-11-09,179.36,159.82590000000013,8.927136447227882,177.6801728944559,141.97162710554437
2020-11-10,188.74,161.15390000000014,11.024836195945245,183.20357239189062,139.10422760810965
2020-11-11,182.32,162.10840000000013,11.997511677977807,186.10342335595575,138.1133766440445
2020-11-12,176.77,162.73540000000014,12.433960690914773,187.6033213818297,137.8674786181706
2020-11-13,185.7871,163.65875500000013,13.43752565218714,190.53380630437442,136.78370369562583
2020-11-16,202.4,165.42325500000013,15.989270390040279,197.40179578008068,133.44471421991958
2020-11-17,199.59,167.04425500000013,17.724857820394135,202.4939706407884,131.59453935921186
