Date,Close,High,Low,Volume,MFI
2018-11-19,0.8,0.83,0.75,39334,
2018-11-20,0.75,0.81,0.75,8954,
2018-11-21,0.8,0.8,0.78,29115,
2018-11-23,0.8,0.8,0.76,10279,
2018-11-26,0.79,0.825,0.7403,50451,
2018-11-27,0.83,0.8401,0.77,82020,
2018-11-28,0.8,0.85,0.8,45100,
2018-11-29,0.8,0.8001,0.78,59551,
2018-11-30,0.78,0.8,0.78,31496,
2018-12-03,0.7901,0.83,0.7809999999999999,35388,
2018-12-04,0.76,0.8,0.71,88352,
2018-12-06,0.77,0.8264,0.7101,73180,
2018-12-07,0.7065,0.8,0.67,28438,
2018-12-10,0.72,0.75,0.6817,56536,
2018-12-11,0.6890000000000001,0.7363,0.68,119617,41.20982123420905
2018-12-12,0.69,0.7,0.68,74553,37.25700032403272
2018-12-13,0.67,0.7,0.64,64550,33.30464193868384
2018-12-14,0.6901,0.73,0.65,77317,39.25036387136871
2018-12-17,0.67,0.6987,0.6184,50285,36.557540814052565
2018-12-18,0.6495,0.7,0.6284,141244,30.848830797930265
2018-12-19,0.63,0.65,0.61,45611,19.83829045113386
2018-12-20,0.5959,0.63,0.495,55417,20.077390256061044
2018-12-21,0.5971,0.6,0.542,48617,25.393626227406486
2018-12-24,0.6399,0.7502,0.521,169369,25.778838565458816
2018-12-26,0.68,0.7,0.56,169899,37.598118467195214
2018-12-27,0.69,0.69,0.62,85090,41.02918526976163
2018-12-28,0.6867,0.7,0.6,86148,41.004894357176205
2018-12-31,0.7333,0.8,0.64,216198,46.14604684852264
2019-01-02,0.7813,0.795,0.702188,50355,57.165051302204475
2019-01-03,0.77,0.785,0.6654,43779,60.10168323580443
2019-01-04,0.7901,0.8205,0.72,70934,65.13822289960977
2019-01-07,0.825,0.828,0.79,62706,65.60669802107167
2019-01-08,0.8091,0.828,0.77,39208,65.77723283520349
2019-01-09,0.8324,0.86,0.7929,106871,69.49760337107587
2019-01-10,0.8298,0.8324,0.7824,28218,69.86245472695904
2019-01-11,0.8099,0.85,0.705,44445,70.3245642214072
2019-01-14,0.8,0.8113,0.7116,57297,66.41351350148419
2019-01-15,0.88,0.95,0.77,173327,67.0259887533227
2019-01-16,0.9001,0.92,0.861,91533,68.52709351468692
2019-01-17,0.8685,0.9,0.8202,48407,58.47457401763773
2019-01-18,0.87,0.91,0.8326,71518,64.17186330901035
2019-01-22,0.87,0.89,0.81,33960,57.39891720280378
2019-01-23,0.8574,0.89,0.8131,10291,46.485246697322474
2019-01-24,0.8708,0.88,0.86,22656,49.54390688308858
2019-01-25,0.8448,0.88,0.8361,23039,45.92766643811469
2019-01-28,0.88,0.88,0.8,51930,40.27382362502656
2019-01-29,0.8618,0.92,0.85,133461,47.189944890546315
2019-01-30,0.86,0.8799,0.8301,62318,37.80401782185802
2019-01-31,0.87,0.903,0.83,51047,46.93106677834213
2019-02-01,0.86,0.87,0.82,59807,45.60155778934571
2019-02-04,0.8902,0.9,0.8551,71149,51.28558926991158
2019-02-05,0.85,0.9,0.85,96788,44.44224302292522
2019-02-06,0.9201,0.9643,0.85,109770,39.321153607952375
2019-02-07,0.9393,0.9998,0.9001,77852,51.90783756726493
2019-02-08,0.9009999999999999,0.95,0.9009999999999999,61816,44.33009147637391
2019-02-11,0.93,0.9498,0.88,30441,52.07364266991669
2019-02-12,0.86,0.9329999999999999,0.85,51476,52.14793235187247
2019-02-13,0.89,0.92,0.851,112497,54.33600460421053
2019-02-14,0.855,0.8975,0.85,113222,49.3908728308316
2019-02-15,0.89,0.9,0.85,25878,55.591489545526706
2019-02-21,0.915,0.92,0.91,42111,54.570332540785046
2019-02-22,0.98,0.99,0.9101,154822,64.05449127977735
2019-02-25,0.99,1.1,0.91,458265,67.64528592009147
2019-02-26,0.99,1.03,0.92,118216,47.16684997439096
2019-02-27,0.88,0.9925,0.81,173609,41.47725171923926
2019-02-28,0.8799,0.9,0.83,180947,38.96140658422894
2019-03-01,0.9067,0.91,0.865778,66368,41.769324591026276
2019-03-04,0.8512,0.91,0.7829999999999999,98614,36.43819087070702
2019-03-05,0.8001,0.87,0.78,88026,36.206880102115974
2019-03-06,0.8166140000000001,0.86,0.81,67457,36.818842680536605
2019-03-07,0.7771,0.85,0.757,189441,36.18091882528762
2019-03-08,0.775,0.8001,0.74,61576,31.320189367493196
2019-03-11,0.8,0.8,0.72,87296,35.16014595391649
2019-03-12,0.7501,0.83,0.73,14613,29.80689351778677
2019-03-13,0.82,0.825,0.7442810000000001,53789,29.308211311051885
2019-03-14,0.85,0.85,0.8,74171,29.495498607959505
2019-03-15,0.8958,0.9,0.8,120324,25.51794122883561
2019-03-18,0.9,0.91,0.8315,157311,41.93192593855641
2019-03-19,0.8997,0.9,0.85,35800,52.615713102879404
2019-03-20,0.899,0.9,0.86,10599,61.533456668338424
2019-03-21,0.91,0.92,0.86,52102,55.449480943810016
2019-03-22,0.9031,0.92,0.83,88413,56.20773708671597
2019-03-25,0.89,0.92,0.871,73237,65.05997157966938
2019-03-26,0.9,0.92,0.8752,52737,64.81302712090957
2019-03-27,0.899,0.91,0.8752,67038,65.42567594207583
2019-03-28,0.8876,0.9,0.8752,49682,72.72047818987708
2019-03-29,0.8902,0.9,0.8601,38183,67.15330326667534
2019-04-01,0.849775,0.9,0.849775,27025,70.07971484515055
2019-04-02,0.84,0.8645,0.8358,51885,67.56745855019385
2019-04-03,0.8125,0.85,0.81,44332,62.03953766860239
2019-04-04,0.8225,0.8645,0.81,74195,60.78232827409589
2019-04-05,0.8,0.84,0.7953,31881,49.908919664651776
2019-04-08,0.8,0.84,0.8,54726,40.63081095033035
2019-04-09,0.8075,0.84,0.7263,57226,34.69541626996097
2019-04-10,0.831,0.831,0.77,20933,38.263242364708425
2019-04-11,0.8475,0.8849,0.78,29154,42.78433433842003
2019-04-12,0.8117,0.8475,0.78,29669,33.15956476703204
2019-04-15,0.815,0.85,0.8059999999999999,9687,27.96742679622189
2019-04-16,0.78,0.85,0.75,29435,30.20430938520407
2019-04-17,0.78,0.82,0.78,2140,34.391904326965665
2019-04-18,0.8201,0.8201,0.75,31040,38.56375423147343
2019-04-22,0.81,0.85,0.7911,65019,45.96135610860456
2019-04-23,0.8126,0.85,0.804,23371,55.56622222746497
2019-04-24,0.86,0.86,0.8059999999999999,13730,64.09794730415675
2019-04-25,0.82,0.8690000000000001,0.75,99419,58.41540220581742
2019-04-26,0.81,0.8273,0.7878,69210,55.48587565771667
2019-04-29,0.82,0.83,0.8,13482,58.74726804332248
2019-04-30,0.81,0.8515,0.8,16626,66.8906341350062
2019-05-01,0.84,0.9,0.83,75611,63.856346186704535
2019-05-02,0.85,0.9,0.8016,40992,51.77237318515917
2019-05-03,0.9009999999999999,0.929,0.8201,314857,59.07237381357101
2019-05-06,0.9002,0.91,0.86,54002,74.88376999837647
2019-05-07,0.91,0.91,0.86,88153,77.47082399924516
2019-05-08,0.876713,0.9,0.86,20989,69.61239525624786
2019-05-09,0.8227,0.91,0.8202,31397,67.92816057078801
2019-05-10,0.88,0.88,0.8259,39517,68.0083200308386
2019-05-13,0.82,0.858,0.7509,187769,62.833177093585455
2019-05-14,0.8170000000000001,0.8294,0.79,26828,68.26442776650593
2019-05-15,0.800897,0.84,0.7765,18053,67.50477980776357
2019-05-16,0.82,0.82,0.7598,33369,72.75148855061913
2019-05-17,0.8,0.8192,0.75,11423,68.54220407968891
2019-05-20,0.8,0.81,0.7647,21459,68.46603513338964
2019-05-21,0.8,0.8,0.7501,30141,66.53464583656063
2019-05-22,0.767525,0.79,0.7487,14864,70.02916140432559
2019-05-23,0.77,0.77,0.7401,28372,67.60223684054887
2019-05-24,0.77,0.77,0.745,19978,51.09986245297515
2019-05-28,0.795,0.809,0.75,71933,47.688386304425144
2019-05-29,0.7975,0.8,0.77,36105,62.64353013084067
2019-05-30,0.8,0.8,0.752347,21962,61.27131864594643
2019-05-31,0.7961,0.8041,0.7711,25843,60.45232343912272
2019-06-04,0.73,0.767,0.57,48499,62.345204733163364
2019-06-05,0.7763,0.79,0.7202,32497,48.249836005079274
2019-06-06,0.713639,0.809,0.7,61313,47.800243220116876
2019-06-07,0.78,0.8,0.71,34024,56.544040606852604
2019-06-10,0.78,0.8,0.72,9635,64.08123993458463
2019-06-11,0.779,0.7999,0.722,10300,63.91272963778904
2019-06-12,0.7596,0.8,0.7356,52476,65.62446624966675
2019-06-13,0.8071,0.8071,0.7511,12878,73.85811686626667
2019-06-14,0.84,0.84,0.8,37557,76.98723236330845
2019-06-17,0.81,0.88,0.81,13310,77.58676670879258
2019-06-18,0.8101,0.84,0.81,17083,74.24793213646768
2019-06-19,0.85,0.85,0.802,27637,70.80562740300938
2019-06-20,0.8305,0.87,0.75,29764,72.04095196097877
2019-06-21,0.7601100000000001,0.85,0.72,9065,65.04340418749443
2019-06-24,0.7366,0.784,0.7014,88424,67.89142892529769
2019-06-25,0.7201,0.75,0.7,19996,51.55216869599209
2019-06-26,0.7304,0.7463,0.7,54584,57.59085999732786
2019-06-27,0.7269,0.73,0.7,33264,44.5113084291517
2019-06-28,0.7147,0.7296,0.69709,28931,36.67170204557005
2019-07-01,0.7,0.73,0.6901,64682,32.991388960079995
2019-07-02,0.7101,0.7120000000000001,0.6809999999999999,38466,29.626207415312898
2019-07-03,0.71,0.71,0.6809999999999999,15495,19.488696690504316
2019-07-05,0.69,0.7,0.68,51766,16.616183507659784
2019-07-08,0.6932,0.7,0.6754,77585,7.846467392991123
2019-07-09,0.713905,0.7262,0.6809999999999999,57060,20.225483210733593
2019-07-10,0.6902,0.7190000000000001,0.6815,78041,15.74583639887801
2019-07-11,0.7202,0.73,0.68,45191,26.42772792623591
2019-07-12,0.7334,0.75,0.7,42025,32.8078966810106
2019-07-15,0.68,0.73,0.68,38517,31.24508629767968
2019-07-16,0.7211029999999999,0.7211029999999999,0.7020000000000001,13840,39.785711587644165
2019-07-17,0.716,0.73,0.716,11221,39.17528509797373
2019-07-18,0.7147,0.73,0.7020000000000001,10838,42.11839569900154
2019-07-19,0.72,0.726,0.7,12831,43.805815909089866
2019-07-22,0.72,0.7240000000000001,0.6901,33859,45.08819649793626
2019-07-23,0.7148,0.73,0.6890000000000001,39284,47.721447941194
2019-07-24,0.69,0.7175,0.68,27397,47.59605936582859
2019-07-25,0.715,0.7257,0.68,9815,51.5899482443504
2019-07-26,0.7,0.715,0.6801,12721,55.82396817110739
2019-07-29,0.71,0.7201,0.67,76017,49.384631266194376
2019-07-30,0.67,0.71,0.67,40147,47.391652585393736
2019-07-31,0.665,0.6912,0.6644,17762,33.139636647690864
2019-08-01,0.7,0.7,0.66,18766,28.19001757736872
2019-08-02,0.7,0.71,0.642,22145,30.15320718073502
2019-08-05,0.7,0.71,0.65,12236,26.78680628912341
2019-08-06,0.71,0.71,0.6733,645,26.334159200690898
2019-08-07,0.6834,0.7,0.6503,44237,27.19598503185142
2019-08-08,0.7,0.7,0.66,4515,36.56372802359327
2019-08-09,0.7,0.7,0.69,12596,38.69708298232047
2019-08-12,0.67,0.7,0.65,33822,41.22705665364452
2019-08-13,0.667,0.6709999999999999,0.61,26948,42.15736043729178
2019-08-14,0.6677,0.6708,0.645,22901,41.75924421963037
2019-08-15,0.63,0.71,0.62,22720,40.3056202113589
2019-08-16,0.6999,0.71,0.6503,14505,41.77806062060665
2019-08-19,0.7,0.7,0.6579,6615,50.887785710651
2019-08-20,0.8846,1.4,0.8321,27673412,60.11397085230793
2019-08-21,0.82,1.02,0.7125,5947402,0.32343962732533443
2019-08-22,0.7609999999999999,0.82,0.735,2103296,0.27536896688863177
2019-08-23,0.7321,0.78,0.7222,1065231,0.22033072191249822
2019-08-26,0.696,0.757,0.6809999999999999,990339,0.19246186852424224
2019-08-27,0.746039,0.88,0.72,2965556,2.089757849364795
2019-08-28,0.7052,0.7281,0.7,683177,1.8919680666536944
2019-08-29,0.6754,0.6988,0.62,1036772,1.8612552538584644
2019-08-30,0.6341,0.6747,0.622,609039,1.8299942331767085
2019-09-03,0.62,0.6576,0.603,417376,1.8134667075439364
2019-09-04,0.638,0.65,0.6002,307106,2.396372189547957
2019-09-05,0.6115,0.6379,0.58,463809,2.3860357426536365
2019-09-06,0.6191,0.627,0.581,346579,2.334946061317285
2019-09-09,0.6231,0.6789,0.618,464671,2.8290243274044196
2019-09-10,0.6326,0.67,0.629,249317,3.5055336730762865
2019-09-11,0.6415069999999999,0.66,0.6252,178966,10.943295081482733
2019-09-12,0.6422,0.66,0.6176,180839,17.28823435109512
2019-09-13,0.6305,0.65,0.62,91463,21.001366682353737
2019-09-16,0.6203,0.64,0.6115,193010,23.458385716935137
2019-09-17,0.624,0.63,0.6005,252662,13.506255114696206
2019-09-18,0.585,0.66,0.585,1338743,21.76096673838135
2019-09-19,0.6101,0.6289,0.5952,183088,41.00355194204881
2019-09-20,0.6145,0.619,0.6,170406,48.1921872843205
2019-09-23,0.5885,0.628,0.5711,198787,52.80869933573703
2019-09-24,0.5434,0.61,0.54,341973,46.30781796839853
2019-09-25,0.55,0.59,0.537,288402,46.31202847846256
2019-09-26,0.56,0.574,0.5401,202877,48.36784931135516
2019-09-27,0.53,0.58,0.53,99397,42.1696280955945
2019-09-30,0.5423,0.5801,0.54,100362,36.30989782487363
2019-10-01,0.55,0.5601,0.5055,143801,37.970626452195
2019-10-02,0.516,0.5579,0.502,116545,38.6016470153412
2019-10-03,0.5387,0.55,0.515,78470,42.33770279717678
2019-10-04,0.515,0.5499,0.5,125667,42.647503800578725
2019-10-07,0.5412,0.57,0.51,114736,46.82192996906969
2019-10-08,0.52,0.5682,0.52,87045,48.98708323192324
2019-10-09,0.4728,0.5301,0.4501,232009,14.296932625107287
2019-10-10,0.48,0.505,0.4478,223972,14.29208476713944
2019-10-11,0.46,0.5005,0.4277,226380,14.26032149932617
2019-10-14,0.4325,0.4725,0.41700000000000004,260569,14.415792562760318
2019-10-15,0.38,0.4567,0.37,689294,15.372767157579176
2019-10-16,0.4151,0.42,0.373,422587,35.41801790110718
2019-10-17,0.4988,0.499,0.4201,508884,46.519884333361496
2019-10-18,0.5205,0.561,0.4671,367080,52.996699901498125
2019-10-21,0.5,0.5471,0.47,182583,48.7513048097381
2019-10-22,0.5755,0.579,0.4854,480497,53.79693694532224
2019-10-23,0.4749,0.5329999999999999,0.46,331933,44.81222925100226
2019-10-24,0.3701,0.44,0.34,2782087,42.12373915972517
2019-10-25,0.21,0.28,0.201,6144185,25.931740416746013
2019-10-28,0.19,0.21,0.182,1950480,17.88737477162608
2019-10-29,0.1701,0.2,0.166,1971970,16.623228027383668
2019-10-30,0.16,0.1811,0.152,1300256,15.814557737590656
2019-10-31,0.1621,0.1778,0.16,837294,19.719515463855494
2019-11-01,0.165,0.174,0.1621,865595,22.333371395965823
2019-11-04,0.166,0.19,0.1636,721968,25.035255597426225
2019-11-05,0.17,0.18,0.165,1070293,20.206865098038733
2019-11-06,0.1672,0.177,0.165,615593,16.72527267169436
2019-11-07,0.162,0.1708,0.161,577781,12.21719058680958
2019-11-08,0.1536,0.1631,0.1529,510269,12.460659891503655
2019-11-11,0.157,0.1697,0.1531,747256,12.229786298607802
2019-11-12,0.1525,0.1699,0.151,522473,12.611973785154829
2019-11-13,0.1535,0.1601,0.1529,238550,12.83606987032983
2019-11-14,0.1665,0.175,0.1536,4049021,17.711665103754
2019-11-15,0.1475,0.1701,0.14,2532787,22.56841320763954
2019-11-18,0.1341,0.15,0.131,1262750,22.50281337091199
2019-11-19,0.1111,0.13,0.05,1716812,24.067973855417456
2019-11-20,0.1132,0.12,0.1033,899125,22.640629186409132
2019-11-21,0.1108,0.11900000000000001,0.11,427167,21.428836683405013
2019-11-22,0.115,0.1198,0.1091,503943,18.242819055710044
2019-11-25,0.1145,0.1229,0.111,686389,21.281345782838876
2019-11-26,0.1125,0.1166,0.11,444504,22.287072871393306
2019-11-27,0.109,0.1149,0.106,1220626,22.850181921208165
2019-11-29,0.11095,0.115,0.109,449597,28.581604672892635
2019-12-02,0.133,0.14,0.11,2920174,27.59869470513912
2019-12-03,0.184,0.248,0.1436,39062723,40.16930629042481
2019-12-04,0.28989899999999996,0.3135,0.21899999999999997,63545021,86.16129284930426
2019-12-05,0.275,0.32,0.248,22885277,95.0036665424403
2019-12-06,0.2749,0.28,0.2425,7619100,78.39740452788583
2019-12-09,0.2694,0.28,0.25,4949778,80.53680693281784
2019-12-10,0.2441,0.31,0.18899999999999997,23563637,77.95913457900025
2019-12-11,0.25055,0.2836,0.24,6434833,80.97635456628731
2019-12-12,0.2401,0.25,0.22,4917682,77.80324320413537
2019-12-13,0.2239,0.244,0.1999,4956394,75.72507788696613
2019-12-16,0.19297,0.2143,0.19,5153611,73.84322104123603
2019-12-17,0.2337,0.275,0.222,11555963,74.55325994240485
2019-12-18,0.21899999999999997,0.2377,0.2142,4567835,70.33448550741434
2019-12-19,0.2141,0.21899999999999997,0.205,2320726,68.80993345478022
2019-12-20,0.221,0.23,0.205,2421802,69.08553324795902
2019-12-23,0.245,0.27,0.231,5793865,69.18180186356311
2019-12-24,0.23879899999999998,0.245,0.23,1456988,61.71543608879908
2019-12-26,0.2315,0.239,0.2222,2207754,36.42149628697616
2019-12-27,0.2325,0.2398,0.22,2688317,46.550159689556445
2019-12-30,0.2481,0.263,0.23,5579174,42.774446099247704
2019-12-31,0.254,0.26,0.24,3353428,49.557260978507394
2020-01-02,0.29600000000000004,0.31,0.2456,11872424,32.709469269693734
2020-01-03,0.3101,0.3347,0.28,11346610,49.580453650606685
2020-01-06,0.2733,0.34299999999999997,0.2605,18346613,43.488978825414634
2020-01-07,0.256875,0.275,0.25,4886807,35.52429805631359
2020-01-08,0.2779,0.285,0.23199999999999998,5550275,36.20355390177007
2020-01-09,0.264638,0.28,0.25,2835063,38.399540398471466
2020-01-10,0.2661,0.2815,0.26,3014571,42.30525601563934
2020-01-13,0.22896999999999998,0.26,0.21,8874487,39.476574383482564
2020-01-14,0.226,0.23694099999999998,0.225,2431696,34.68883955075698
2020-01-15,0.22399999999999998,0.235,0.22,2571053,36.02892895885813
2020-01-16,0.242,0.26,0.235,6122962,38.18156959048808
2020-01-17,0.2349,0.2498,0.2302,3118186,36.6054088252394
2020-01-21,0.314,0.32,0.2425,50530044,36.92664440088658
2020-01-22,0.2851,0.309,0.2631,26499980,20.114651170898437
2020-01-23,0.3038,0.34,0.295,52422648,32.24188099769096
2020-01-24,0.27899999999999997,0.306,0.271,20684466,19.03990203349809
2020-01-27,0.282,0.315,0.28,9082695,28.14923888485326
2020-01-28,0.262,0.283124,0.26,6385894,29.48468059135021
2020-01-29,0.244,0.26,0.24,5636788,27.043898246661474
2020-01-30,0.29299000000000003,0.305,0.2302,35633267,29.512457186695507
2020-01-31,0.2749,0.315,0.2622,16376199,39.14166280388818
2020-02-03,0.2721,0.284,0.2529,9006749,37.00527275050411
2020-02-04,0.43613,0.52,0.3765,92998999,40.251039760123334
2020-02-05,0.3429,0.4085,0.3321,24430857,25.534760890968894
2020-02-06,0.366,0.405,0.35600000000000004,19963932,30.661568152101644
2020-02-07,0.382904,0.397,0.37,11868088,35.16537465119781
2020-02-10,0.3631,0.385,0.355,8937376,33.558192726380156
2020-02-11,0.3465,0.36700000000000005,0.335,11234040,36.82122828403308
2020-02-12,0.3339,0.35,0.32299999999999995,5989661,31.375189400867892
2020-02-13,0.37906799999999996,0.385,0.335,10520417,37.90229548171422
2020-02-14,0.3469,0.3949,0.34,8134861,32.66891596453637
2020-02-18,0.3297,0.3474,0.315,6512715,32.576368107681056
2020-02-19,0.29601,0.3292,0.29,9775347,32.43110865184075
2020-02-20,0.3449,0.37,0.295,14590594,33.498923046637096
2020-02-21,0.295,0.3035,0.2652,16574971,24.910028566431812
2020-02-24,0.3001,0.32,0.2905,11691499,29.878369480402956
2020-02-25,0.30551,0.33299999999999996,0.281,13857860,30.691646855862402
2020-02-26,0.3299,0.368,0.29,24170454,56.949182125422084
2020-02-27,0.86,0.8875,0.5,162850105,56.31460698962809
2020-02-28,2.4221,3.4,1.5,237022190,85.20549019292139
2020-03-02,2.18,3.1,1.9,70332066,19.746261785216284
2020-03-03,1.74,2.09,1.6,49090676,16.17334907526347
2020-03-04,2.15,2.4,1.32,81466018,23.707365038801782
2020-03-05,2.24,2.7,2.1,65242463,34.108704566032635
2020-03-06,2.03,2.2,1.9,29385417,30.203916962016862
2020-03-09,1.81,2.35,1.55,28751647,28.936310138186418
2020-03-10,1.41,1.74,1.35,23926311,27.860031744270724
2020-03-11,1.6,1.74,1.25,24205026,29.50143126168725
2020-03-12,1.44,1.74,1.41,9211401,29.60196148918493
2020-03-13,1.5599,1.75,1.46,20471290,30.05430743707619
2020-03-16,1.22,1.4,1.1,14188956,29.22545535830577
2020-03-17,1.18,1.27,0.96,13581141,28.67971367744344
2020-03-18,1.56,1.88,1.38,43516964,29.03514119931333
2020-03-19,1.29,1.49,1.25,12407459,21.65620930901252
2020-03-20,1.285,1.42,1.26,8020665,35.379574747443506
2020-03-23,1.24,1.27,1.15,7095026,43.03566238969015
2020-03-24,1.12,1.18,1.07,10470188,34.65856071545178
2020-03-25,1.14,1.23,1.0,10952394,13.37083832153283
2020-03-26,1.18,1.35,1.11,20417140,22.30380439439456
2020-03-27,1.1429,1.19,1.1,7093037,24.815540805027265
2020-03-30,1.1199,1.16,1.08,5964571,29.153881595122368
2020-03-31,1.04,1.11,1.04,5702854,17.622605477026557
2020-04-01,1.0699,1.09,1.01,5770314,17.183651206470795
2020-04-02,1.015,1.06,1.01,5241826,11.781612604175319
2020-04-03,0.9218,1.01,0.91,7878370,13.317731928823488
2020-04-06,0.8669,0.91,0.76,12818508,13.998612909127711
2020-04-07,0.8698,0.96,0.8,6821439,11.95597677115967
2020-04-08,0.8733,0.9,0.82,3816962,17.85301984006637
2020-04-09,0.9262,1.05,0.9,14055533,22.743735843733713
2020-04-13,0.8832,0.9,0.83,4740107,22.194915040625915
2020-04-14,0.935,0.95,0.85,6640205,26.674182233903103
2020-04-15,0.9125,0.945,0.875,3414034,25.33595298160108
2020-04-16,0.9367,1.07,0.9,9846898,19.17800907191819
2020-04-17,0.8945,0.93,0.875,4567187,22.213408937345868
2020-04-20,0.8931,0.9490000000000001,0.88,4315663,27.634293492404126
2020-04-21,0.88,0.9198,0.8555,4381516,28.48809790751102
2020-04-22,0.8690000000000001,0.8898,0.86,3141862,29.201580045147168
2020-04-23,0.9106,1.05,0.8556,14159404,33.636623314125394
2020-04-24,0.8877,0.924,0.87,4510771,30.74229402827265
2020-04-27,0.9143,0.92,0.88,4029475,36.49681580018042
2020-04-28,1.1175,1.52,1.09,87862700,30.870922172727422
2020-04-29,1.095,1.2,1.05,15498389,13.595023689736651
2020-04-30,1.115,1.15,1.03,9094872,10.973591675701606
2020-05-01,1.0501,1.11,1.04,5259170,11.169895431938517
2020-05-04,1.07,1.08,1.0,5153034,8.98300794276758
2020-05-05,1.035,1.07,1.03,4051063,9.012517434912661
2020-05-06,1.06,1.08,1.05,4336787,9.531931526029073
2020-05-07,1.01,1.08,0.98,5488867,9.77674533961032
2020-05-08,1.01,1.01,0.96,4081137,7.5758940059976965
2020-05-11,1.115,1.15,0.98,13326778,9.664829115645464
2020-05-12,1.075,1.19,1.07,7517324,16.228539199567376
2020-05-13,1.07,1.1,1.01,4925718,14.486324595597475
2020-05-14,1.1844,1.29,1.11,22267403,17.655432140374973
2020-05-15,1.47,1.48,1.16,23456759,25.94532662591323
2020-05-18,1.74,1.97,1.56,50601340,34.29411590608169
2020-05-19,1.5,1.66,1.45,17231117,37.28630806220241
2020-05-20,1.39,1.53,1.27,15233059,35.86697063786035
2020-05-21,1.4599,1.52,1.32,9201485,42.67855478078945
2020-05-22,1.51,1.54,1.38,6527933,46.49980846350567
2020-05-26,1.6001,1.75,1.57,14243928,49.39838482695842
2020-05-27,1.62,1.65,1.46,8468226,44.578256226331284
2020-05-28,1.57,1.64,1.53,3846548,47.80988362896408
2020-05-29,1.59,1.6,1.52,4078110,47.73473762512111
2020-06-01,1.65,1.73,1.55,6702218,48.15029760553199
2020-06-02,1.63,1.67,1.58,4708023,43.77440601299823
2020-06-03,1.57,1.62,1.55,6194282,43.87935309432108
2020-06-04,1.67,1.83,1.6,16898785,44.74539331298811
2020-06-05,1.54,1.58,1.52,7898911,35.49835776929734
2020-06-08,1.4053719999999998,1.48,1.38,9169022,26.484412286945723
2020-06-09,1.4699,1.5,1.45,4808984,42.86584771715456
2020-06-10,1.54,1.6,1.5,6813978,51.28838925557043
2020-06-11,1.39,1.53,1.39,6561620,42.12495425256571
2020-06-12,1.42,1.45,1.42,1063080,35.231139252361324
2020-06-15,1.5565,1.65,1.45,11199414,31.948557877045253
2020-06-16,1.54,1.6,1.52,3288675,44.458033637210505
2020-06-17,1.55,1.57,1.48,3549337,37.82248360128235
2020-06-18,1.51,1.57,1.49,4448912,37.987782487658436
2020-06-19,1.5,1.53,1.45,3733020,33.49644469636483
2020-06-22,1.45,1.48,1.43,3538579,34.79522991709631
2020-06-23,1.47,1.51,1.4,8197982,39.1634859004064
2020-06-24,1.57,1.88,1.55,29963570,40.11204262190951
2020-06-25,1.63,1.64,1.55,10610228,34.832676044065494
2020-06-26,2.13,2.69,2.07,125845133,44.08895216622599
2020-06-29,2.45,2.7,2.28,50775897,79.00182171524138
2020-06-30,2.205,2.28,2.15,15755956,61.01616826606347
2020-07-01,2.056,2.12,1.85,16894509,58.4806343863067
2020-07-02,1.96,2.06,1.9,8241048,56.12894084614336
2020-07-06,1.9838,2.05,1.91,8127217,57.16505830689058
2020-07-07,2.245,2.28,1.97,16214717,57.076959735179834
2020-07-08,2.295,2.45,2.15,14692769,59.831310405070006
2020-07-09,2.255,2.29,2.17,6263661,57.34350757460629
2020-07-10,2.2054,2.25,2.11,6470313,56.74025053989232
2020-07-13,2.22,2.35,2.13,10762454,58.072765797160706
2020-07-14,2.3186,2.35,2.18,9129466,59.179162183085275
2020-07-15,3.3278,3.98,2.41,89818704,59.67882101000126
2020-07-16,3.26,3.55,2.93,41128620,74.91059655885749
2020-07-17,3.91,4.14,3.2,71739397,77.61078527645996
2020-07-20,6.4199,7.15,4.97,235594650,77.1892418951923
2020-07-21,6.03,7.45,5.39,96073004,95.1277254319392
2020-07-22,5.38,5.59,4.81,52796357,76.83915884460292
2020-07-23,5.75,6.59,5.6,76277052,79.65892960106687
2020-07-24,5.4597,5.6,5.06,34814403,69.60140868732782
2020-07-27,4.645,5.33,4.52,24572656,66.06173976169815
2020-07-28,4.92,5.19,4.0,59726765,63.745287013948925
2020-07-29,4.3499,4.82,4.25,34805306,59.94664745069112
2020-07-30,4.65,5.2,4.4,53640012,61.59655778367552
2020-07-31,4.48,4.89,4.33,33325870,58.01176190782752
2020-08-03,4.525,4.73,4.43,13592246,55.89963480745137
2020-08-04,4.43,4.57,4.26,18571156,54.96644123653959
2020-08-05,4.36,4.8,4.31,26812333,52.87166863700185
2020-08-06,4.05,4.65,4.02,30414934,50.044284589357126
2020-08-07,3.795,4.14,3.62,31669194,45.457419042487714
2020-08-10,3.68,4.01,3.65,55674194,17.166114066526582
2020-08-11,2.77,3.7,2.6899,151626442,19.757397404999896
2020-08-12,2.47,2.94,2.34,103212214,8.509310013634966
2020-08-13,2.6501,2.78,2.45,25674630,19.364397684778023
2020-08-14,2.585,2.7274,2.5301,11336893,20.296509472790273
2020-08-17,2.625,2.6689999999999996,2.4,26968898,21.051156325636196
2020-08-18,2.58,2.6,2.51,17889372,23.09181536804478
2020-08-19,2.3945,2.57,2.36,25726348,16.809387564176845
2020-08-20,1.98,2.3,1.91,58599954,18.523577469005943
2020-08-21,1.7177,1.95,1.7,52297536,18.83652931571054
2020-08-24,2.21,2.69,1.85,267074384,23.490442129467322
2020-08-25,2.325,2.78,2.21,177472159,40.018752251795064
2020-08-26,2.085,2.3,2.0,62117396,35.41311799593514
2020-08-27,2.1,2.27,1.95,51972710,35.370798508853966
2020-08-28,2.14,2.5,2.08,101928550,39.58211451856524
2020-08-31,2.09,2.17,2.03,27935540,39.32229766624144
2020-09-01,1.97,2.07,1.92,29576354,46.18153049523691
2020-09-02,2.0,2.03,1.77,33158112,38.09618485600338
2020-09-03,1.8533,1.99,1.82,15717392,38.156462072108376
2020-09-04,1.92,1.96,1.62,35360999,38.155842017631755
2020-09-08,1.8949,2.0,1.78,19035418,41.317579490867836
2020-09-09,2.01,2.27,1.95,86945521,43.23248316759394
2020-09-10,1.975,2.09,1.9601,16385712,40.929791626612136
2020-09-11,1.9518,2.02,1.89,14441943,42.626695482525804
2020-09-14,2.105,2.12,1.9,26011214,40.804123999563416
2020-09-15,2.0,2.14,2.0,11549217,19.321194250325156
2020-09-16,2.17,2.22,1.97,20017861,28.652481389432367
2020-09-17,2.3315,2.62,2.26,47049237,35.39675576556295
2020-09-18,2.44,2.46,2.22,15345062,24.47545411698012
2020-09-21,2.415,2.44,2.32,9301556,34.61591064238142
2020-09-22,2.26,2.395,2.21,10336762,36.21569732996298
2020-09-23,2.06,2.25,2.03,9852485,37.90878151412301
2020-09-24,1.9211,2.07,1.82,10626038,40.227633399543464
2020-09-25,2.06,2.14,1.94,7470040,43.69763306666908
2020-09-28,2.06,2.08,1.97,8465731,37.04404160540408
2020-09-29,2.08,2.18,1.99,14341893,35.16938701508376
2020-09-30,2.01,2.12,2.0,6123796,46.22007421862108
2020-10-01,2.0301,2.08,1.99,7096511,48.27320523678405
2020-10-02,2.065,2.18,2.06,11387779,46.67167818779562
2020-10-05,2.11,2.11,2.0411,6194474,37.18288738770203
2020-10-06,2.0389,2.1189,2.02,5541994,32.33538195851303
2020-10-07,2.08,2.11,2.02,5185219,26.72893855587971
2020-10-08,2.06,2.1,2.05,3827743,40.72999177808768
2020-10-09,2.06,2.0799,2.03,4833681,30.5436291129215
2020-10-12,2.08,2.14,2.04,5817005,36.46691910141296
2020-10-13,2.24,2.28,2.09,13931267,43.90098700565255
2020-10-14,2.05,2.11,2.04,7757724,42.01341610238944
2020-10-15,2.07,2.08,1.98,5993210,33.718412069244444
2020-10-16,2.0599,2.09,2.04,5154274,39.69552427683979
2020-10-19,1.98,2.06,1.98,5408258,32.90981288992554
2020-10-20,1.955,2.02,1.92,6247555,36.097743445817024
2020-10-21,1.9,1.95,1.89,3820730,36.14126275135749
2020-10-22,2.0,2.0,1.89,4427231,33.73649398206102
2020-10-23,1.925,1.97,1.9,2891184,36.69468860393821
2020-10-26,1.845,1.91,1.8,4531058,38.31331756088892
2020-10-27,1.9038,1.97,1.85,4546330,37.17264693449504
2020-10-28,1.83,1.9,1.8,2981845,30.996434965010312
2020-10-29,1.775,1.82,1.76,4261611,31.469652759275135
2020-10-30,1.75,1.75,1.58,7952749,25.59177727552181
2020-11-02,1.65,1.71,1.63,3675234,17.692188610932156
2020-11-03,1.705,1.75,1.65,4528274,25.536290675779032
2020-11-04,1.7,1.78,1.66,3934683,33.39874984288943
2020-11-05,1.72,1.73,1.66,3808031,24.69275865246808
2020-11-06,1.75,1.77,1.69,3998147,31.201344284435343
2020-11-09,1.64,1.74,1.61,7459394,32.2953627534892
2020-11-10,1.7611,1.78,1.6,7161438,43.37336181667831
2020-11-11,1.7477,1.87,1.73,7264264,45.78364939917562
2020-11-12,1.72,1.76,1.7,3767511,44.17077529055458
2020-11-13,1.7819,1.79,1.68,4245577,49.17960221313431
2020-11-16,2.0489,2.11,1.75,14679221,48.77676103330822
2020-11-17,1.705,1.79,1.65,9638806,41.77749894888444
